id,Danceability
17170,7.000000
17171,6.000000
17172,4.000000
17173,5.000000
17174,6.000000
17175,7.000000
17176,3.000000
17177,3.000000
17178,5.000000
17179,2.000000
17180,6.000000
17181,5.000000
17182,5.000000
17183,6.000000
17184,6.000000
17185,4.000000
17186,5.000000
17187,2.000000
17188,2.000000
17189,3.000000
17190,8.000000
17191,8.000000
17192,4.000000
17193,5.000000
17194,4.000000
17195,7.000000
17196,5.000000
17197,7.000000
17198,8.000000
17199,5.000000
17200,1.000000
17201,4.000000
17202,1.000000
17203,0.000000
17204,6.000000
17205,3.000000
17206,5.000000
17207,2.000000
17208,2.000000
17209,3.000000
17210,1.000000
17211,4.000000
17212,2.000000
17213,5.000000
17214,5.000000
17215,5.000000
17216,5.000000
17217,5.000000
17218,7.000000
17219,5.000000
17220,6.000000
17221,2.000000
17222,4.000000
17223,4.000000
17224,2.000000
17225,3.000000
17226,6.000000
17227,3.000000
17228,4.000000
17229,3.000000
17230,4.000000
17231,3.000000
17232,4.000000
17233,4.000000
17234,3.000000
17235,4.000000
17236,3.000000
17237,3.000000
17238,2.000000
17239,4.000000
17240,2.000000
17241,2.000000
17242,2.000000
17243,4.000000
17244,1.000000
17245,2.000000
17246,5.000000
17247,6.000000
17248,2.000000
17249,4.000000
17250,3.000000
17251,4.000000
17252,5.000000
17253,4.000000
17254,5.000000
17255,7.000000
17256,6.000000
17257,7.000000
17258,5.000000
17259,5.000000
17260,5.000000
17261,7.000000
17262,6.000000
17263,3.000000
17264,4.000000
17265,7.000000
17266,2.000000
17267,4.000000
17268,7.000000
17269,6.000000
17270,7.000000
17271,7.000000
17272,6.000000
17273,6.000000
17274,7.000000
17275,6.000000
17276,5.000000
17277,4.000000
17278,4.000000
17279,6.000000
17280,3.000000
17281,6.000000
17282,2.000000
17283,5.000000
17284,9.000000
17285,7.000000
17286,5.000000
17287,4.000000
17288,4.000000
17289,3.000000
17290,5.000000
17291,5.000000
17292,3.000000
17293,4.000000
17294,7.000000
17295,6.000000
17296,6.000000
17297,5.000000
17298,6.000000
17299,6.000000
17300,8.000000
17301,6.000000
17302,7.000000
17303,4.000000
17304,6.000000
17305,5.000000
17306,5.000000
17307,4.000000
17308,7.000000
17309,1.000000
17310,6.000000
17311,6.000000
17312,4.000000
17313,5.000000
17314,7.000000
17315,6.000000
17316,7.000000
17317,4.000000
17318,4.000000
17319,4.000000
17320,8.000000
17321,4.000000
17322,4.000000
17323,5.000000
17324,4.000000
17325,5.000000
17326,5.000000
17327,5.000000
17328,4.000000
17329,6.000000
17330,6.000000
17331,4.000000
17332,4.000000
17333,3.000000
17334,2.000000
17335,5.000000
17336,6.000000
17337,6.000000
17338,7.000000
17339,6.000000
17340,7.000000
17341,7.000000
17342,5.000000
17343,4.000000
17344,2.000000
17345,3.000000
17346,7.000000
17347,5.000000
17348,6.000000
17349,4.000000
17350,6.000000
17351,4.000000
17352,4.000000
17353,6.000000
17354,7.000000
17355,7.000000
17356,6.000000
17357,6.000000
17358,6.000000
17359,8.000000
17360,6.000000
17361,7.000000
17362,6.000000
17363,6.000000
17364,7.000000
17365,6.000000
17366,6.000000
17367,7.000000
17368,7.000000
17369,7.000000
17370,7.000000
17371,7.000000
17372,4.000000
17373,4.000000
17374,5.000000
17375,5.000000
17376,4.000000
17377,0.000000
17378,4.000000
17379,7.000000
17380,5.000000
17381,3.000000
17382,5.000000
17383,6.000000
17384,8.000000
17385,6.000000
17386,5.000000
17387,5.000000
17388,6.000000
17389,5.000000
17390,9.000000
17391,7.000000
17392,8.000000
17393,5.000000
17394,5.000000
17395,6.000000
17396,8.000000
17397,4.000000
17398,6.000000
17399,5.000000
17400,4.000000
17401,5.000000
17402,3.000000
17403,5.000000
17404,5.000000
17405,7.000000
17406,4.000000
17407,5.000000
17408,4.000000
17409,6.000000
17410,4.000000
17411,5.000000
17412,3.000000
17413,7.000000
17414,8.000000
17415,5.000000
17416,5.000000
17417,5.000000
17418,6.000000
17419,6.000000
17420,4.000000
17421,7.000000
17422,4.000000
17423,2.000000
17424,6.000000
17425,6.000000
17426,5.000000
17427,5.000000
17428,2.000000
17429,5.000000
17430,5.000000
17431,6.000000
17432,6.000000
17433,4.000000
17434,6.000000
17435,5.000000
17436,5.000000
17437,3.000000
17438,7.000000
17439,6.000000
17440,2.000000
17441,4.000000
17442,2.000000
17443,4.000000
17444,4.000000
17445,5.000000
17446,4.000000
17447,5.000000
17448,2.000000
17449,6.000000
17450,5.000000
17451,7.000000
17452,5.000000
17453,8.000000
17454,7.000000
17455,4.000000
17456,5.000000
17457,5.000000
17458,6.000000
17459,7.000000
17460,2.000000
17461,5.000000
17462,3.000000
17463,3.000000
17464,3.000000
17465,1.000000
17466,3.000000
17467,4.000000
17468,5.000000
17469,5.000000
17470,1.000000
17471,7.000000
17472,4.000000
17473,5.000000
17474,4.000000
17475,5.000000
17476,7.000000
17477,7.000000
17478,7.000000
17479,3.000000
17480,6.000000
17481,5.000000
17482,7.000000
17483,6.000000
17484,5.000000
17485,8.000000
17486,7.000000
17487,4.000000
17488,7.000000
17489,3.000000
17490,7.000000
17491,5.000000
17492,3.000000
17493,5.000000
17494,6.000000
17495,1.000000
17496,8.000000
17497,7.000000
17498,5.000000
17499,6.000000
17500,4.000000
17501,4.000000
17502,5.000000
17503,3.000000
17504,5.000000
17505,3.000000
17506,3.000000
17507,3.000000
17508,4.000000
17509,6.000000
17510,6.000000
17511,6.000000
17512,6.000000
17513,5.000000
17514,6.000000
17515,7.000000
17516,5.000000
17517,4.000000
17518,6.000000
17519,6.000000
17520,4.000000
17521,6.000000
17522,5.000000
17523,4.000000
17524,5.000000
17525,6.000000
17526,5.000000
17527,5.000000
17528,6.000000
17529,7.000000
17530,3.000000
17531,6.000000
17532,5.000000
17533,4.000000
17534,6.000000
17535,6.000000
17536,4.000000
17537,8.000000
17538,5.000000
17539,6.000000
17540,8.000000
17541,7.000000
17542,2.000000
17543,7.000000
17544,6.000000
17545,7.000000
17546,7.000000
17547,5.000000
17548,6.000000
17549,4.000000
17550,7.000000
17551,7.000000
17552,5.000000
17553,3.000000
17554,6.000000
17555,7.000000
17556,5.000000
17557,5.000000
17558,5.000000
17559,6.000000
17560,8.000000
17561,6.000000
17562,6.000000
17563,5.000000
17564,5.000000
17565,7.000000
17566,6.000000
17567,3.000000
17568,5.000000
17569,2.000000
17570,4.000000
17571,7.000000
17572,5.000000
17573,5.000000
17574,4.000000
17575,4.000000
17576,4.000000
17577,5.000000
17578,7.000000
17579,7.000000
17580,5.000000
17581,7.000000
17582,4.000000
17583,5.000000
17584,5.000000
17585,5.000000
17586,6.000000
17587,5.000000
17588,5.000000
17589,5.000000
17590,7.000000
17591,8.000000
17592,5.000000
17593,3.000000
17594,5.000000
17595,7.000000
17596,5.000000
17597,4.000000
17598,5.000000
17599,6.000000
17600,4.000000
17601,7.000000
17602,4.000000
17603,4.000000
17604,4.000000
17605,2.000000
17606,0.000000
17607,5.000000
17608,5.000000
17609,7.000000
17610,2.000000
17611,6.000000
17612,3.000000
17613,6.000000
17614,3.000000
17615,1.000000
17616,4.000000
17617,3.000000
17618,3.000000
17619,3.000000
17620,5.000000
17621,3.000000
17622,5.000000
17623,4.000000
17624,3.000000
17625,4.000000
17626,7.000000
17627,4.000000
17628,3.000000
17629,4.000000
17630,8.000000
17631,3.000000
17632,6.000000
17633,3.000000
17634,4.000000
17635,2.000000
17636,4.000000
17637,5.000000
17638,2.000000
17639,5.000000
17640,4.000000
17641,2.000000
17642,4.000000
17643,5.000000
17644,5.000000
17645,1.000000
17646,3.000000
17647,3.000000
17648,6.000000
17649,1.000000
17650,6.000000
17651,2.000000
17652,2.000000
17653,5.000000
17654,3.000000
17655,5.000000
17656,4.000000
17657,1.000000
17658,2.000000
17659,2.000000
17660,2.000000
17661,0.000000
17662,0.000000
17663,0.000000
17664,2.000000
17665,0.000000
17666,0.000000
17667,4.000000
17668,3.000000
17669,4.000000
17670,3.000000
17671,0.000000
17672,4.000000
17673,1.000000
17674,4.000000
17675,2.000000
17676,6.000000
17677,2.000000
17678,2.000000
17679,3.000000
17680,3.000000
17681,6.000000
17682,5.000000
17683,3.000000
17684,4.000000
17685,3.000000
17686,3.000000
17687,1.000000
17688,8.000000
17689,2.000000
17690,3.000000
17691,5.000000
17692,2.000000
17693,1.000000
17694,4.000000
17695,6.000000
17696,3.000000
17697,2.000000
17698,1.000000
17699,2.000000
17700,2.000000
17701,5.000000
17702,4.000000
17703,6.000000
17704,4.000000
17705,5.000000
17706,2.000000
17707,4.000000
17708,6.000000
17709,4.000000
17710,3.000000
17711,2.000000
17712,7.000000
17713,3.000000
17714,1.000000
17715,2.000000
17716,4.000000
17717,1.000000
17718,4.000000
17719,2.000000
17720,2.000000
17721,2.000000
17722,3.000000
17723,2.000000
17724,3.000000
17725,2.000000
17726,4.000000
17727,2.000000
17728,4.000000
17729,4.000000
17730,5.000000
17731,4.000000
17732,5.000000
17733,2.000000
17734,5.000000
17735,5.000000
17736,5.000000
17737,3.000000
17738,5.000000
17739,1.000000
17740,4.000000
17741,2.000000
17742,6.000000
17743,8.000000
17744,3.000000
17745,6.000000
17746,3.000000
17747,4.000000
17748,3.000000
17749,2.000000
17750,4.000000
17751,2.000000
17752,5.000000
17753,5.000000
17754,5.000000
17755,5.000000
17756,5.000000
17757,4.000000
17758,6.000000
17759,1.000000
17760,0.000000
17761,3.000000
17762,2.000000
17763,4.000000
17764,2.000000
17765,6.000000
17766,5.000000
17767,7.000000
17768,7.000000
17769,0.000000
17770,3.000000
17771,6.000000
17772,6.000000
17773,7.000000
17774,5.000000
17775,5.000000
17776,5.000000
17777,2.000000
17778,5.000000
17779,7.000000
17780,6.000000
17781,3.000000
17782,4.000000
17783,7.000000
17784,5.000000
17785,3.000000
17786,4.000000
17787,1.000000
17788,2.000000
17789,4.000000
17790,2.000000
17791,4.000000
17792,4.000000
17793,5.000000
17794,3.000000
17795,8.000000
17796,6.000000
17797,7.000000
17798,8.000000
17799,7.000000
17800,6.000000
17801,2.000000
17802,6.000000
17803,5.000000
17804,7.000000
17805,4.000000
17806,6.000000
17807,5.000000
17808,2.000000
17809,8.000000
17810,5.000000
17811,4.000000
17812,5.000000
17813,6.000000
17814,5.000000
17815,3.000000
17816,5.000000
17817,3.000000
17818,5.000000
17819,6.000000
17820,6.000000
17821,0.000000
17822,5.000000
17823,6.000000
17824,4.000000
17825,6.000000
17826,9.000000
17827,6.000000
17828,6.000000
17829,5.000000
17830,4.000000
17831,5.000000
17832,6.000000
17833,2.000000
17834,4.000000
17835,5.000000
17836,3.000000
17837,2.000000
17838,4.000000
17839,3.000000
17840,4.000000
17841,6.000000
17842,6.000000
17843,5.000000
17844,6.000000
17845,7.000000
17846,8.000000
17847,6.000000
17848,6.000000
17849,7.000000
17850,7.000000
17851,6.000000
17852,4.000000
17853,6.000000
17854,7.000000
17855,2.000000
17856,7.000000
17857,6.000000
17858,4.000000
17859,9.000000
17860,8.000000
17861,4.000000
17862,5.000000
17863,5.000000
17864,5.000000
17865,7.000000
17866,7.000000
17867,4.000000
17868,4.000000
17869,5.000000
17870,5.000000
17871,3.000000
17872,6.000000
17873,6.000000
17874,5.000000
17875,3.000000
17876,4.000000
17877,5.000000
17878,6.000000
17879,5.000000
17880,2.000000
17881,2.000000
17882,3.000000
17883,4.000000
17884,5.000000
17885,2.000000
17886,3.000000
17887,4.000000
17888,6.000000
17889,4.000000
17890,5.000000
17891,5.000000
17892,2.000000
17893,4.000000
17894,4.000000
17895,7.000000
17896,7.000000
17897,5.000000
17898,8.000000
17899,3.000000
17900,5.000000
17901,7.000000
17902,6.000000
17903,6.000000
17904,5.000000
17905,7.000000
17906,5.000000
17907,6.000000
17908,3.000000
17909,5.000000
17910,6.000000
17911,4.000000
17912,3.000000
17913,4.000000
17914,2.000000
17915,6.000000
17916,4.000000
17917,5.000000
17918,4.000000
17919,3.000000
17920,4.000000
17921,1.000000
17922,2.000000
17923,5.000000
17924,7.000000
17925,3.000000
17926,1.000000
17927,5.000000
17928,3.000000
17929,4.000000
17930,2.000000
17931,1.000000
17932,6.000000
17933,6.000000
17934,7.000000
17935,5.000000
17936,5.000000
17937,5.000000
17938,4.000000
17939,2.000000
17940,3.000000
17941,7.000000
17942,7.000000
17943,6.000000
17944,3.000000
17945,4.000000
17946,5.000000
17947,4.000000
17948,3.000000
17949,5.000000
17950,4.000000
17951,3.000000
17952,6.000000
17953,1.000000
17954,5.000000
17955,5.000000
17956,5.000000
17957,6.000000
17958,7.000000
17959,7.000000
17960,3.000000
17961,3.000000
17962,4.000000
17963,7.000000
17964,6.000000
17965,8.000000
17966,6.000000
17967,5.000000
17968,7.000000
17969,7.000000
17970,7.000000
17971,6.000000
17972,5.000000
17973,7.000000
17974,6.000000
17975,5.000000
17976,5.000000
17977,5.000000
17978,4.000000
17979,6.000000
17980,6.000000
17981,6.000000
17982,4.000000
17983,6.000000
17984,7.000000
17985,7.000000
17986,6.000000
17987,6.000000
17988,6.000000
17989,7.000000
17990,7.000000
17991,7.000000
17992,7.000000
17993,7.000000
17994,3.000000
17995,4.000000
17996,6.000000
17997,5.000000
17998,7.000000
17999,6.000000
18000,7.000000
18001,6.000000
18002,5.000000
18003,4.000000
18004,4.000000
18005,3.000000
18006,4.000000
18007,3.000000
18008,6.000000
18009,4.000000
18010,5.000000
18011,5.000000
18012,3.000000
18013,6.000000
18014,4.000000
18015,1.000000
18016,4.000000
18017,5.000000
18018,4.000000
18019,6.000000
18020,5.000000
18021,5.000000
18022,5.000000
18023,4.000000
18024,6.000000
18025,6.000000
18026,5.000000
18027,7.000000
18028,5.000000
18029,1.000000
18030,0.000000
18031,1.000000
18032,1.000000
18033,0.000000
18034,3.000000
18035,0.000000
18036,2.000000
18037,1.000000
18038,6.000000
18039,6.000000
18040,5.000000
18041,7.000000
18042,3.000000
18043,5.000000
18044,5.000000
18045,5.000000
18046,3.000000
18047,5.000000
18048,5.000000
18049,4.000000
18050,5.000000
18051,7.000000
18052,4.000000
18053,6.000000
18054,3.000000
18055,6.000000
18056,6.000000
18057,4.000000
18058,5.000000
18059,4.000000
18060,6.000000
18061,3.000000
18062,5.000000
18063,6.000000
18064,2.000000
18065,5.000000
18066,5.000000
18067,7.000000
18068,8.000000
18069,5.000000
18070,5.000000
18071,4.000000
18072,4.000000
18073,5.000000
18074,7.000000
18075,6.000000
18076,3.000000
18077,7.000000
18078,6.000000
18079,3.000000
18080,4.000000
18081,6.000000
18082,6.000000
18083,5.000000
18084,5.000000
18085,7.000000
18086,6.000000
18087,4.000000
18088,6.000000
18089,5.000000
18090,1.000000
18091,1.000000
18092,3.000000
18093,1.000000
18094,4.000000
18095,6.000000
18096,4.000000
18097,4.000000
18098,4.000000
18099,4.000000
18100,3.000000
18101,4.000000
18102,5.000000
18103,4.000000
18104,6.000000
18105,5.000000
18106,5.000000
18107,6.000000
18108,1.000000
18109,4.000000
18110,4.000000
18111,4.000000
18112,5.000000
18113,6.000000
18114,1.000000
18115,3.000000
18116,6.000000
18117,6.000000
18118,4.000000
18119,6.000000
18120,5.000000
18121,5.000000
18122,5.000000
18123,1.000000
18124,7.000000
18125,5.000000
18126,0.000000
18127,6.000000
18128,7.000000
18129,3.000000
18130,5.000000
18131,3.000000
18132,5.000000
18133,2.000000
18134,4.000000
18135,5.000000
18136,5.000000
18137,6.000000
18138,7.000000
18139,5.000000
18140,1.000000
18141,5.000000
18142,2.000000
18143,3.000000
18144,4.000000
18145,6.000000
18146,4.000000
18147,4.000000
18148,2.000000
18149,5.000000
18150,6.000000
18151,6.000000
18152,8.000000
18153,7.000000
18154,5.000000
18155,6.000000
18156,7.000000
18157,7.000000
18158,0.000000
18159,6.000000
18160,6.000000
18161,5.000000
18162,6.000000
18163,5.000000
18164,4.000000
18165,6.000000
18166,3.000000
18167,5.000000
18168,3.000000
18169,6.000000
18170,5.000000
18171,8.000000
18172,6.000000
18173,4.000000
18174,7.000000
18175,6.000000
18176,5.000000
18177,2.000000
18178,4.000000
18179,6.000000
18180,8.000000
18181,5.000000
18182,6.000000
18183,4.000000
18184,6.000000
18185,6.000000
18186,5.000000
18187,4.000000
18188,3.000000
18189,0.000000
18190,3.000000
18191,3.000000
18192,6.000000
18193,2.000000
18194,3.000000
18195,4.000000
18196,4.000000
18197,2.000000
18198,2.000000
18199,2.000000
18200,1.000000
18201,0.000000
18202,1.000000
18203,0.000000
18204,0.000000
18205,1.000000
18206,4.000000
18207,2.000000
18208,4.000000
18209,1.000000
18210,6.000000
18211,7.000000
18212,7.000000
18213,6.000000
18214,8.000000
18215,6.000000
18216,6.000000
18217,6.000000
18218,5.000000
18219,5.000000
18220,6.000000
18221,4.000000
18222,5.000000
18223,6.000000
18224,6.000000
18225,2.000000
18226,5.000000
18227,4.000000
18228,6.000000
18229,8.000000
18230,5.000000
18231,4.000000
18232,5.000000
18233,4.000000
18234,5.000000
18235,4.000000
18236,4.000000
18237,4.000000
18238,4.000000
18239,6.000000
18240,7.000000
18241,5.000000
18242,4.000000
18243,7.000000
18244,5.000000
18245,7.000000
18246,8.000000
18247,5.000000
18248,6.000000
18249,4.000000
18250,6.000000
18251,5.000000
18252,6.000000
18253,6.000000
18254,2.000000
18255,5.000000
18256,4.000000
18257,3.000000
18258,2.000000
18259,6.000000
18260,5.000000
18261,5.000000
18262,1.000000
18263,3.000000
18264,1.000000
18265,4.000000
18266,2.000000
18267,2.000000
18268,1.000000
18269,4.000000
18270,5.000000
18271,5.000000
18272,4.000000
18273,4.000000
18274,5.000000
18275,4.000000
18276,3.000000
18277,4.000000
18278,4.000000
18279,6.000000
18280,8.000000
18281,5.000000
18282,6.000000
18283,6.000000
18284,3.000000
18285,5.000000
18286,3.000000
18287,6.000000
18288,3.000000
18289,6.000000
18290,5.000000
18291,7.000000
18292,7.000000
18293,5.000000
18294,6.000000
18295,4.000000
18296,4.000000
18297,7.000000
18298,4.000000
18299,3.000000
18300,5.000000
18301,2.000000
18302,6.000000
18303,4.000000
18304,5.000000
18305,3.000000
18306,4.000000
18307,1.000000
18308,8.000000
18309,6.000000
18310,7.000000
18311,6.000000
18312,5.000000
18313,6.000000
18314,5.000000
18315,4.000000
18316,6.000000
18317,5.000000
18318,2.000000
18319,2.000000
18320,1.000000
18321,2.000000
18322,2.000000
18323,5.000000
18324,3.000000
18325,6.000000
18326,7.000000
18327,7.000000
18328,3.000000
18329,8.000000
18330,0.000000
18331,6.000000
18332,5.000000
18333,3.000000
18334,2.000000
18335,5.000000
18336,4.000000
18337,4.000000
18338,2.000000
18339,3.000000
18340,3.000000
18341,6.000000
18342,5.000000
18343,4.000000
18344,4.000000
18345,4.000000
18346,3.000000
18347,3.000000
18348,3.000000
18349,3.000000
18350,4.000000
18351,4.000000
18352,6.000000
18353,7.000000
18354,5.000000
18355,4.000000
18356,3.000000
18357,3.000000
18358,7.000000
18359,4.000000
18360,8.000000
18361,2.000000
18362,3.000000
18363,1.000000
18364,7.000000
18365,3.000000
18366,7.000000
18367,4.000000
18368,5.000000
18369,4.000000
18370,6.000000
18371,6.000000
18372,3.000000
18373,7.000000
18374,9.000000
18375,7.000000
18376,5.000000
18377,5.000000
18378,5.000000
18379,6.000000
18380,4.000000
18381,7.000000
18382,6.000000
18383,6.000000
18384,5.000000
18385,7.000000
18386,8.000000
18387,8.000000
18388,6.000000
18389,6.000000
18390,7.000000
18391,0.000000
18392,1.000000
18393,1.000000
18394,4.000000
18395,0.000000
18396,2.000000
18397,0.000000
18398,0.000000
18399,4.000000
18400,6.000000
18401,2.000000
18402,1.000000
18403,7.000000
18404,3.000000
18405,5.000000
18406,4.000000
18407,3.000000
18408,8.000000
18409,6.000000
18410,8.000000
18411,2.000000
18412,4.000000
18413,5.000000
18414,6.000000
18415,3.000000
18416,6.000000
18417,6.000000
18418,0.000000
18419,1.000000
18420,0.000000
18421,1.000000
18422,1.000000
18423,1.000000
18424,0.000000
18425,0.000000
18426,0.000000
18427,1.000000
18428,3.000000
18429,4.000000
18430,5.000000
18431,4.000000
18432,3.000000
18433,4.000000
18434,3.000000
18435,3.000000
18436,2.000000
18437,2.000000
18438,2.000000
18439,2.000000
18440,1.000000
18441,5.000000
18442,4.000000
18443,4.000000
18444,2.000000
18445,1.000000
18446,6.000000
18447,5.000000
18448,6.000000
18449,4.000000
18450,5.000000
18451,3.000000
18452,5.000000
18453,5.000000
18454,5.000000
18455,3.000000
18456,6.000000
18457,4.000000
18458,6.000000
18459,3.000000
18460,4.000000
18461,5.000000
18462,6.000000
18463,4.000000
18464,7.000000
18465,5.000000
18466,3.000000
18467,3.000000
18468,3.000000
18469,4.000000
18470,4.000000
18471,3.000000
18472,4.000000
18473,5.000000
18474,3.000000
18475,3.000000
18476,1.000000
18477,3.000000
18478,6.000000
18479,4.000000
18480,6.000000
18481,5.000000
18482,3.000000
18483,4.000000
18484,7.000000
18485,7.000000
18486,4.000000
18487,3.000000
18488,2.000000
18489,5.000000
18490,6.000000
18491,5.000000
18492,4.000000
18493,1.000000
18494,4.000000
18495,4.000000
18496,5.000000
18497,2.000000
18498,4.000000
18499,4.000000
18500,1.000000
18501,6.000000
18502,4.000000
18503,5.000000
18504,4.000000
18505,7.000000
18506,6.000000
18507,4.000000
18508,7.000000
18509,7.000000
18510,6.000000
18511,6.000000
18512,6.000000
18513,6.000000
18514,5.000000
18515,5.000000
18516,4.000000
18517,4.000000
18518,5.000000
18519,3.000000
18520,6.000000
18521,6.000000
18522,1.000000
18523,5.000000
18524,4.000000
18525,2.000000
18526,5.000000
18527,4.000000
18528,6.000000
18529,4.000000
18530,4.000000
18531,4.000000
18532,7.000000
18533,5.000000
18534,5.000000
18535,3.000000
18536,5.000000
18537,3.000000
18538,8.000000
18539,5.000000
18540,1.000000
18541,4.000000
18542,3.000000
18543,5.000000
18544,5.000000
18545,4.000000
18546,5.000000
18547,5.000000
18548,5.000000
18549,5.000000
18550,3.000000
18551,0.000000
18552,3.000000
18553,3.000000
18554,2.000000
18555,2.000000
18556,2.000000
18557,2.000000
18558,3.000000
18559,3.000000
18560,5.000000
18561,0.000000
18562,6.000000
18563,5.000000
18564,4.000000
18565,5.000000
18566,6.000000
18567,6.000000
18568,5.000000
18569,4.000000
18570,7.000000
18571,6.000000
18572,5.000000
18573,5.000000
18574,3.000000
18575,4.000000
18576,2.000000
18577,3.000000
18578,4.000000
18579,6.000000
18580,7.000000
18581,1.000000
18582,2.000000
18583,5.000000
18584,3.000000
18585,6.000000
18586,2.000000
18587,5.000000
18588,4.000000
18589,2.000000
18590,2.000000
18591,6.000000
18592,1.000000
18593,5.000000
18594,0.000000
18595,3.000000
18596,2.000000
18597,2.000000
18598,3.000000
18599,1.000000
18600,3.000000
18601,4.000000
18602,6.000000
18603,3.000000
18604,7.000000
18605,7.000000
18606,5.000000
18607,5.000000
18608,6.000000
18609,2.000000
18610,6.000000
18611,3.000000
18612,5.000000
18613,0.000000
18614,6.000000
18615,4.000000
18616,2.000000
18617,4.000000
18618,5.000000
18619,4.000000
18620,3.000000
18621,4.000000
18622,2.000000
18623,4.000000
18624,2.000000
18625,5.000000
18626,2.000000
18627,5.000000
18628,3.000000
18629,2.000000
18630,4.000000
18631,3.000000
18632,2.000000
18633,3.000000
18634,3.000000
18635,5.000000
18636,6.000000
18637,2.000000
18638,3.000000
18639,5.000000
18640,3.000000
18641,5.000000
18642,5.000000
18643,3.000000
18644,6.000000
18645,4.000000
18646,5.000000
18647,3.000000
18648,2.000000
18649,1.000000
18650,3.000000
18651,1.000000
18652,4.000000
18653,4.000000
18654,6.000000
18655,6.000000
18656,7.000000
18657,4.000000
18658,6.000000
18659,7.000000
18660,9.000000
18661,9.000000
18662,5.000000
18663,5.000000
18664,5.000000
18665,5.000000
18666,5.000000
18667,4.000000
18668,5.000000
18669,4.000000
18670,3.000000
18671,5.000000
18672,0.000000
18673,6.000000
18674,3.000000
18675,4.000000
18676,1.000000
18677,2.000000
18678,4.000000
18679,5.000000
18680,4.000000
18681,1.000000
18682,3.000000
18683,3.000000
18684,5.000000
18685,4.000000
18686,6.000000
18687,5.000000
18688,4.000000
18689,3.000000
18690,5.000000
18691,5.000000
18692,5.000000
18693,2.000000
18694,6.000000
18695,4.000000
18696,3.000000
18697,3.000000
18698,3.000000
18699,3.000000
18700,5.000000
18701,6.000000
18702,6.000000
18703,5.000000
18704,5.000000
18705,1.000000
18706,5.000000
18707,3.000000
18708,6.000000
18709,3.000000
18710,4.000000
18711,4.000000
18712,4.000000
18713,3.000000
18714,7.000000
18715,5.000000
18716,4.000000
18717,5.000000
18718,7.000000
18719,4.000000
18720,1.000000
18721,4.000000
18722,3.000000
18723,3.000000
18724,7.000000
18725,6.000000
18726,7.000000
18727,7.000000
18728,6.000000
18729,6.000000
18730,7.000000
18731,6.000000
18732,4.000000
18733,7.000000
18734,5.000000
18735,1.000000
18736,5.000000
18737,5.000000
18738,4.000000
18739,5.000000
18740,7.000000
18741,4.000000
18742,5.000000
18743,4.000000
18744,5.000000
18745,2.000000
18746,3.000000
18747,0.000000
18748,5.000000
18749,5.000000
18750,4.000000
18751,5.000000
18752,0.000000
18753,1.000000
18754,0.000000
18755,2.000000
18756,2.000000
18757,4.000000
18758,0.000000
18759,4.000000
18760,6.000000
18761,5.000000
18762,6.000000
18763,0.000000
18764,4.000000
18765,3.000000
18766,3.000000
18767,5.000000
18768,5.000000
18769,4.000000
18770,6.000000
18771,5.000000
18772,5.000000
18773,5.000000
18774,3.000000
18775,2.000000
18776,0.000000
18777,7.000000
18778,6.000000
18779,6.000000
18780,7.000000
18781,6.000000
18782,5.000000
18783,6.000000
18784,0.000000
18785,4.000000
18786,5.000000
18787,6.000000
18788,6.000000
18789,7.000000
18790,5.000000
18791,6.000000
18792,6.000000
18793,4.000000
18794,8.000000
18795,5.000000
18796,8.000000
18797,5.000000
18798,6.000000
18799,4.000000
18800,5.000000
18801,5.000000
18802,5.000000
18803,5.000000
18804,6.000000
18805,5.000000
18806,3.000000
18807,2.000000
18808,3.000000
18809,3.000000
18810,3.000000
18811,4.000000
18812,0.000000
18813,4.000000
18814,4.000000
18815,6.000000
18816,6.000000
18817,0.000000
18818,3.000000
18819,5.000000
18820,3.000000
18821,4.000000
18822,5.000000
18823,4.000000
18824,5.000000
18825,4.000000
18826,5.000000
18827,5.000000
18828,6.000000
18829,4.000000
18830,7.000000
18831,5.000000
18832,3.000000
18833,6.000000
18834,6.000000
18835,5.000000
18836,6.000000
18837,7.000000
18838,4.000000
18839,7.000000
18840,8.000000
18841,6.000000
18842,4.000000
18843,6.000000
18844,5.000000
18845,1.000000
18846,1.000000
18847,0.000000
18848,1.000000
18849,0.000000
18850,1.000000
18851,4.000000
18852,2.000000
18853,0.000000
18854,1.000000
18855,3.000000
18856,1.000000
18857,4.000000
18858,4.000000
18859,1.000000
18860,3.000000
18861,3.000000
18862,3.000000
18863,3.000000
18864,3.000000
18865,8.000000
18866,2.000000
18867,5.000000
18868,3.000000
18869,5.000000
18870,6.000000
18871,5.000000
18872,8.000000
18873,7.000000
18874,6.000000
18875,5.000000
18876,6.000000
18877,6.000000
18878,5.000000
18879,5.000000
18880,7.000000
18881,4.000000
18882,5.000000
18883,3.000000
18884,5.000000
18885,6.000000
18886,6.000000
18887,5.000000
18888,7.000000
18889,3.000000
18890,2.000000
18891,6.000000
18892,6.000000
18893,6.000000
18894,3.000000
18895,2.000000
18896,5.000000
18897,5.000000
18898,4.000000
18899,4.000000
18900,6.000000
18901,4.000000
18902,4.000000
18903,4.000000
18904,3.000000
18905,6.000000
18906,0.000000
18907,1.000000
18908,0.000000
18909,1.000000
18910,2.000000
18911,1.000000
18912,2.000000
18913,0.000000
18914,1.000000
18915,1.000000
18916,3.000000
18917,6.000000
18918,6.000000
18919,3.000000
18920,7.000000
18921,6.000000
18922,7.000000
18923,6.000000
18924,4.000000
18925,5.000000
18926,4.000000
18927,3.000000
18928,3.000000
18929,3.000000
18930,4.000000
18931,4.000000
18932,6.000000
18933,4.000000
18934,5.000000
18935,8.000000
18936,6.000000
18937,4.000000
18938,7.000000
18939,4.000000
18940,4.000000
18941,5.000000
18942,4.000000
18943,6.000000
18944,5.000000
18945,5.000000
18946,4.000000
18947,7.000000
18948,7.000000
18949,6.000000
18950,4.000000
18951,7.000000
18952,7.000000
18953,4.000000
18954,6.000000
18955,6.000000
18956,5.000000
18957,4.000000
18958,5.000000
18959,3.000000
18960,5.000000
18961,4.000000
18962,4.000000
18963,4.000000
18964,3.000000
18965,3.000000
18966,4.000000
18967,5.000000
18968,5.000000
18969,2.000000
18970,2.000000
18971,5.000000
18972,6.000000
18973,7.000000
18974,4.000000
18975,4.000000
18976,0.000000
18977,4.000000
18978,3.000000
18979,5.000000
18980,3.000000
18981,5.000000
18982,4.000000
18983,3.000000
18984,4.000000
18985,7.000000
18986,5.000000
18987,6.000000
18988,5.000000
18989,7.000000
18990,4.000000
18991,0.000000
18992,1.000000
18993,5.000000
18994,5.000000
18995,5.000000
18996,7.000000
18997,5.000000
18998,5.000000
18999,5.000000
19000,4.000000
19001,1.000000
19002,4.000000
19003,5.000000
19004,5.000000
19005,4.000000
19006,6.000000
19007,5.000000
19008,2.000000
19009,7.000000
19010,6.000000
19011,5.000000
19012,7.000000
19013,5.000000
19014,5.000000
19015,4.000000
19016,5.000000
19017,5.000000
19018,4.000000
19019,5.000000
19020,2.000000
19021,3.000000
19022,6.000000
19023,1.000000
19024,6.000000
19025,2.000000
19026,6.000000
19027,3.000000
19028,5.000000
19029,6.000000
19030,4.000000
19031,3.000000
19032,3.000000
19033,5.000000
19034,4.000000
19035,3.000000
19036,2.000000
19037,2.000000
19038,4.000000
19039,4.000000
19040,3.000000
19041,3.000000
19042,4.000000
19043,2.000000
19044,4.000000
19045,5.000000
19046,1.000000
19047,6.000000
19048,3.000000
19049,5.000000
19050,1.000000
19051,3.000000
19052,3.000000
19053,2.000000
19054,3.000000
19055,1.000000
19056,3.000000
19057,5.000000
19058,6.000000
19059,6.000000
19060,4.000000
19061,6.000000
19062,5.000000
19063,7.000000
19064,6.000000
19065,3.000000
19066,4.000000
19067,6.000000
19068,4.000000
19069,3.000000
19070,2.000000
19071,5.000000
19072,5.000000
19073,1.000000
19074,0.000000
19075,7.000000
19076,5.000000
19077,2.000000
19078,0.000000
19079,1.000000
19080,3.000000
19081,2.000000
19082,2.000000
19083,4.000000
19084,7.000000
19085,4.000000
19086,2.000000
19087,1.000000
19088,5.000000
19089,4.000000
19090,5.000000
19091,4.000000
19092,4.000000
19093,2.000000
19094,3.000000
19095,3.000000
19096,3.000000
19097,3.000000
19098,5.000000
19099,5.000000
19100,5.000000
19101,5.000000
19102,3.000000
19103,3.000000
19104,4.000000
19105,2.000000
19106,5.000000
19107,3.000000
19108,0.000000
19109,3.000000
19110,5.000000
19111,2.000000
19112,3.000000
19113,2.000000
19114,2.000000
19115,3.000000
19116,2.000000
19117,2.000000
19118,4.000000
19119,3.000000
19120,4.000000
19121,4.000000
19122,1.000000
19123,4.000000
19124,4.000000
19125,4.000000
19126,3.000000
19127,1.000000
19128,1.000000
19129,4.000000
19130,5.000000
19131,4.000000
19132,3.000000
19133,4.000000
19134,4.000000
19135,6.000000
19136,5.000000
19137,3.000000
19138,2.000000
19139,2.000000
19140,3.000000
19141,5.000000
19142,3.000000
19143,3.000000
19144,1.000000
19145,7.000000
19146,5.000000
19147,3.000000
19148,5.000000
19149,5.000000
19150,6.000000
19151,6.000000
19152,5.000000
19153,5.000000
19154,7.000000
19155,5.000000
19156,5.000000
19157,7.000000
19158,5.000000
19159,6.000000
19160,5.000000
19161,5.000000
19162,7.000000
19163,6.000000
19164,1.000000
19165,2.000000
19166,2.000000
19167,2.000000
19168,3.000000
19169,3.000000
19170,6.000000
19171,3.000000
19172,5.000000
19173,4.000000
19174,7.000000
19175,3.000000
19176,7.000000
19177,6.000000
19178,5.000000
19179,4.000000
19180,4.000000
19181,6.000000
19182,5.000000
19183,5.000000
19184,0.000000
19185,5.000000
19186,5.000000
19187,4.000000
19188,6.000000
19189,7.000000
19190,7.000000
19191,2.000000
19192,5.000000
19193,5.000000
19194,6.000000
19195,8.000000
19196,3.000000
19197,4.000000
19198,5.000000
19199,7.000000
19200,6.000000
19201,6.000000
19202,5.000000
19203,5.000000
19204,4.000000
19205,6.000000
19206,3.000000
19207,5.000000
19208,5.000000
19209,4.000000
19210,4.000000
19211,5.000000
19212,1.000000
19213,4.000000
19214,5.000000
19215,4.000000
19216,3.000000
19217,9.000000
19218,6.000000
19219,5.000000
19220,3.000000
19221,4.000000
19222,5.000000
19223,6.000000
19224,7.000000
19225,5.000000
19226,5.000000
19227,6.000000
19228,4.000000
19229,6.000000
19230,3.000000
19231,2.000000
19232,6.000000
19233,7.000000
19234,5.000000
19235,2.000000
19236,3.000000
19237,3.000000
19238,6.000000
19239,4.000000
19240,5.000000
19241,6.000000
19242,1.000000
19243,7.000000
19244,3.000000
19245,5.000000
19246,4.000000
19247,3.000000
19248,5.000000
19249,6.000000
19250,4.000000
19251,2.000000
19252,1.000000
19253,5.000000
19254,3.000000
19255,7.000000
19256,5.000000
19257,0.000000
19258,3.000000
19259,6.000000
19260,6.000000
19261,5.000000
19262,8.000000
19263,7.000000
19264,6.000000
19265,4.000000
19266,3.000000
19267,4.000000
19268,8.000000
19269,4.000000
19270,6.000000
19271,5.000000
19272,5.000000
19273,5.000000
19274,6.000000
19275,6.000000
19276,5.000000
19277,5.000000
19278,4.000000
19279,6.000000
19280,4.000000
19281,6.000000
19282,0.000000
19283,4.000000
19284,7.000000
19285,6.000000
19286,8.000000
19287,6.000000
19288,5.000000
19289,5.000000
19290,4.000000
19291,7.000000
19292,6.000000
19293,5.000000
19294,4.000000
19295,4.000000
19296,4.000000
19297,5.000000
19298,4.000000
19299,6.000000
19300,5.000000
19301,3.000000
19302,5.000000
19303,5.000000
19304,7.000000
19305,3.000000
19306,4.000000
19307,0.000000
19308,7.000000
19309,8.000000
19310,3.000000
19311,2.000000
19312,5.000000
19313,9.000000
19314,5.000000
19315,5.000000
19316,6.000000
19317,3.000000
19318,5.000000
19319,1.000000
19320,4.000000
19321,5.000000
19322,5.000000
19323,4.000000
19324,2.000000
19325,5.000000
19326,4.000000
19327,9.000000
19328,5.000000
19329,5.000000
19330,6.000000
19331,5.000000
19332,3.000000
19333,4.000000
19334,6.000000
19335,6.000000
19336,1.000000
19337,4.000000
19338,7.000000
19339,5.000000
19340,5.000000
19341,6.000000
19342,5.000000
19343,2.000000
19344,2.000000
19345,3.000000
19346,5.000000
19347,4.000000
19348,5.000000
19349,7.000000
19350,3.000000
19351,0.000000
19352,5.000000
19353,4.000000
19354,8.000000
19355,6.000000
19356,3.000000
19357,5.000000
19358,6.000000
19359,7.000000
19360,2.000000
19361,2.000000
19362,6.000000
19363,6.000000
19364,6.000000
19365,5.000000
19366,3.000000
19367,1.000000
19368,2.000000
19369,6.000000
19370,5.000000
19371,6.000000
19372,4.000000
19373,5.000000
19374,5.000000
19375,2.000000
19376,4.000000
19377,6.000000
19378,1.000000
19379,6.000000
19380,3.000000
19381,6.000000
19382,3.000000
19383,5.000000
19384,6.000000
19385,5.000000
19386,4.000000
19387,5.000000
19388,6.000000
19389,5.000000
19390,5.000000
19391,6.000000
19392,5.000000
19393,7.000000
19394,2.000000
19395,4.000000
19396,2.000000
19397,4.000000
19398,6.000000
19399,6.000000
19400,5.000000
19401,5.000000
19402,4.000000
19403,5.000000
19404,1.000000
19405,6.000000
19406,5.000000
19407,4.000000
19408,6.000000
19409,5.000000
19410,7.000000
19411,7.000000
19412,5.000000
19413,6.000000
19414,5.000000
19415,4.000000
19416,4.000000
19417,3.000000
19418,6.000000
19419,9.000000
19420,6.000000
19421,4.000000
19422,5.000000
19423,7.000000
19424,4.000000
19425,4.000000
19426,3.000000
19427,6.000000
19428,0.000000
19429,6.000000
19430,5.000000
19431,6.000000
19432,4.000000
19433,7.000000
19434,6.000000
19435,4.000000
19436,4.000000
19437,2.000000
19438,4.000000
19439,5.000000
19440,2.000000
19441,4.000000
19442,4.000000
19443,0.000000
19444,5.000000
19445,1.000000
19446,7.000000
19447,8.000000
19448,5.000000
19449,4.000000
19450,6.000000
19451,1.000000
19452,5.000000
19453,4.000000
19454,3.000000
19455,3.000000
19456,6.000000
19457,5.000000
19458,3.000000
19459,4.000000
19460,5.000000
19461,7.000000
19462,7.000000
19463,5.000000
19464,6.000000
19465,8.000000
19466,4.000000
19467,6.000000
19468,3.000000
19469,7.000000
19470,3.000000
19471,6.000000
19472,2.000000
19473,3.000000
19474,7.000000
19475,7.000000
19476,3.000000
19477,5.000000
19478,6.000000
19479,3.000000
19480,3.000000
19481,5.000000
19482,3.000000
19483,9.000000
19484,6.000000
19485,6.000000
19486,6.000000
19487,4.000000
19488,6.000000
19489,5.000000
19490,6.000000
19491,4.000000
19492,6.000000
19493,4.000000
19494,6.000000
19495,6.000000
19496,5.000000
19497,7.000000
19498,8.000000
19499,3.000000
19500,5.000000
19501,6.000000
19502,3.000000
19503,3.000000
19504,3.000000
19505,5.000000
19506,9.000000
19507,4.000000
19508,4.000000
19509,3.000000
19510,5.000000
19511,5.000000
19512,6.000000
19513,6.000000
19514,5.000000
19515,3.000000
19516,6.000000
19517,3.000000
19518,6.000000
19519,7.000000
19520,6.000000
19521,4.000000
19522,6.000000
19523,6.000000
19524,5.000000
19525,4.000000
19526,6.000000
19527,7.000000
19528,5.000000
19529,6.000000
19530,7.000000
19531,5.000000
19532,5.000000
19533,5.000000
19534,7.000000
19535,3.000000
19536,4.000000
19537,5.000000
19538,4.000000
19539,5.000000
19540,3.000000
19541,3.000000
19542,1.000000
19543,1.000000
19544,6.000000
19545,5.000000
19546,5.000000
19547,2.000000
19548,7.000000
19549,6.000000
19550,4.000000
19551,0.000000
19552,5.000000
19553,3.000000
19554,4.000000
19555,4.000000
19556,6.000000
19557,5.000000
19558,5.000000
19559,4.000000
19560,5.000000
19561,6.000000
19562,5.000000
19563,6.000000
19564,4.000000
19565,5.000000
19566,5.000000
19567,4.000000
19568,3.000000
19569,6.000000
19570,7.000000
19571,8.000000
19572,3.000000
19573,8.000000
19574,3.000000
19575,6.000000
19576,6.000000
19577,2.000000
19578,4.000000
19579,2.000000
19580,2.000000
19581,4.000000
19582,8.000000
19583,7.000000
19584,5.000000
19585,5.000000
19586,4.000000
19587,6.000000
19588,8.000000
19589,8.000000
19590,5.000000
19591,6.000000
19592,1.000000
19593,6.000000
19594,6.000000
19595,7.000000
19596,3.000000
19597,3.000000
19598,4.000000
19599,3.000000
19600,3.000000
19601,6.000000
19602,1.000000
19603,9.000000
19604,4.000000
19605,9.000000
19606,7.000000
19607,8.000000
19608,6.000000
19609,5.000000
19610,6.000000
19611,2.000000
19612,5.000000
19613,6.000000
19614,4.000000
19615,4.000000
19616,6.000000
19617,5.000000
19618,5.000000
19619,7.000000
19620,4.000000
19621,6.000000
19622,4.000000
19623,1.000000
19624,5.000000
19625,5.000000
19626,5.000000
19627,4.000000
19628,4.000000
19629,6.000000
19630,1.000000
19631,7.000000
19632,6.000000
19633,5.000000
19634,5.000000
19635,5.000000
19636,5.000000
19637,6.000000
19638,7.000000
19639,7.000000
19640,4.000000
19641,8.000000
19642,6.000000
19643,4.000000
19644,6.000000
19645,6.000000
19646,5.000000
19647,7.000000
19648,7.000000
19649,2.000000
19650,3.000000
19651,2.000000
19652,4.000000
19653,4.000000
19654,6.000000
19655,6.000000
19656,5.000000
19657,3.000000
19658,3.000000
19659,4.000000
19660,5.000000
19661,5.000000
19662,8.000000
19663,7.000000
19664,4.000000
19665,8.000000
19666,3.000000
19667,7.000000
19668,6.000000
19669,3.000000
19670,5.000000
19671,7.000000
19672,3.000000
19673,4.000000
19674,6.000000
19675,6.000000
19676,7.000000
19677,5.000000
19678,6.000000
19679,7.000000
19680,7.000000
19681,4.000000
19682,5.000000
19683,6.000000
19684,8.000000
19685,1.000000
19686,6.000000
19687,4.000000
19688,4.000000
19689,7.000000
19690,9.000000
19691,5.000000
19692,5.000000
19693,6.000000
19694,4.000000
19695,6.000000
19696,6.000000
19697,4.000000
19698,7.000000
19699,5.000000
19700,6.000000
19701,4.000000
19702,6.000000
19703,5.000000
19704,6.000000
19705,7.000000
19706,6.000000
19707,3.000000
19708,4.000000
19709,5.000000
19710,6.000000
19711,7.000000
19712,6.000000
19713,6.000000
19714,6.000000
19715,6.000000
19716,2.000000
19717,3.000000
19718,2.000000
19719,5.000000
19720,7.000000
19721,9.000000
19722,3.000000
19723,3.000000
19724,8.000000
19725,5.000000
19726,4.000000
19727,3.000000
19728,5.000000
19729,4.000000
19730,6.000000
19731,5.000000
19732,6.000000
19733,4.000000
19734,3.000000
19735,4.000000
19736,2.000000
19737,6.000000
19738,3.000000
19739,9.000000
19740,5.000000
19741,6.000000
19742,6.000000
19743,3.000000
19744,5.000000
19745,3.000000
19746,6.000000
19747,7.000000
19748,4.000000
19749,5.000000
19750,7.000000
19751,3.000000
19752,6.000000
19753,5.000000
19754,2.000000
19755,6.000000
19756,5.000000
19757,5.000000
19758,5.000000
19759,5.000000
19760,3.000000
19761,2.000000
19762,6.000000
19763,5.000000
19764,6.000000
19765,4.000000
19766,7.000000
19767,5.000000
19768,2.000000
19769,6.000000
19770,4.000000
19771,6.000000
19772,4.000000
19773,8.000000
19774,3.000000
19775,6.000000
19776,1.000000
19777,6.000000
19778,3.000000
19779,4.000000
19780,7.000000
19781,5.000000
19782,7.000000
19783,3.000000
19784,4.000000
19785,4.000000
19786,5.000000
19787,6.000000
19788,1.000000
19789,7.000000
19790,2.000000
19791,7.000000
19792,5.000000
19793,9.000000
19794,0.000000
19795,6.000000
19796,7.000000
19797,6.000000
19798,7.000000
19799,8.000000
19800,7.000000
19801,3.000000
19802,2.000000
19803,1.000000
19804,1.000000
19805,3.000000
19806,5.000000
19807,6.000000
19808,6.000000
19809,4.000000
19810,5.000000
19811,4.000000
19812,4.000000
19813,7.000000
19814,4.000000
19815,6.000000
19816,7.000000
19817,7.000000
19818,7.000000
19819,6.000000
19820,5.000000
19821,4.000000
19822,4.000000
19823,5.000000
19824,5.000000
19825,5.000000
19826,6.000000
19827,5.000000
19828,5.000000
19829,2.000000
19830,6.000000
19831,4.000000
19832,6.000000
19833,4.000000
19834,5.000000
19835,0.000000
19836,4.000000
19837,8.000000
19838,5.000000
19839,5.000000
19840,3.000000
19841,5.000000
19842,2.000000
19843,5.000000
19844,4.000000
19845,7.000000
19846,6.000000
19847,6.000000
19848,7.000000
19849,6.000000
19850,4.000000
19851,5.000000
19852,2.000000
19853,3.000000
19854,6.000000
19855,6.000000
19856,6.000000
19857,4.000000
19858,3.000000
19859,4.000000
19860,4.000000
19861,4.000000
19862,3.000000
19863,5.000000
19864,7.000000
19865,8.000000
19866,6.000000
19867,4.000000
19868,7.000000
19869,5.000000
19870,5.000000
19871,1.000000
19872,4.000000
19873,5.000000
19874,6.000000
19875,8.000000
19876,5.000000
19877,3.000000
19878,3.000000
19879,9.000000
19880,6.000000
19881,4.000000
19882,5.000000
19883,6.000000
19884,2.000000
19885,5.000000
19886,2.000000
19887,2.000000
19888,3.000000
19889,6.000000
19890,5.000000
19891,4.000000
19892,7.000000
19893,5.000000
19894,7.000000
19895,8.000000
19896,5.000000
19897,4.000000
19898,5.000000
19899,2.000000
19900,4.000000
19901,4.000000
19902,3.000000
19903,6.000000
19904,6.000000
19905,6.000000
19906,5.000000
19907,8.000000
19908,4.000000
19909,5.000000
19910,2.000000
19911,3.000000
19912,2.000000
19913,8.000000
19914,7.000000
19915,2.000000
19916,7.000000
19917,2.000000
19918,7.000000
19919,4.000000
19920,6.000000
19921,5.000000
19922,2.000000
19923,7.000000
19924,7.000000
19925,3.000000
19926,5.000000
19927,3.000000
19928,3.000000
19929,6.000000
19930,6.000000
19931,4.000000
19932,5.000000
19933,3.000000
19934,8.000000
19935,6.000000
19936,6.000000
19937,4.000000
19938,5.000000
19939,6.000000
19940,2.000000
19941,3.000000
19942,4.000000
19943,4.000000
19944,5.000000
19945,3.000000
19946,5.000000
19947,5.000000
19948,4.000000
19949,7.000000
19950,7.000000
19951,4.000000
19952,6.000000
19953,4.000000
19954,4.000000
19955,1.000000
19956,4.000000
19957,6.000000
19958,5.000000
19959,7.000000
19960,6.000000
19961,6.000000
19962,5.000000
19963,6.000000
19964,6.000000
19965,5.000000
19966,3.000000
19967,5.000000
19968,2.000000
19969,7.000000
19970,5.000000
19971,3.000000
19972,7.000000
19973,5.000000
19974,4.000000
19975,7.000000
19976,3.000000
19977,1.000000
19978,6.000000
19979,3.000000
19980,5.000000
19981,6.000000
19982,6.000000
19983,6.000000
19984,8.000000
19985,5.000000
19986,5.000000
19987,8.000000
19988,4.000000
19989,4.000000
19990,1.000000
19991,4.000000
19992,6.000000
19993,5.000000
19994,6.000000
19995,2.000000
19996,7.000000
19997,6.000000
19998,4.000000
19999,4.000000
20000,7.000000
20001,9.000000
20002,5.000000
20003,5.000000
20004,3.000000
20005,7.000000
20006,5.000000
20007,7.000000
20008,5.000000
20009,4.000000
20010,4.000000
20011,4.000000
20012,6.000000
20013,4.000000
20014,2.000000
20015,5.000000
20016,5.000000
20017,7.000000
20018,5.000000
20019,6.000000
20020,1.000000
20021,4.000000
20022,1.000000
20023,9.000000
20024,3.000000
20025,2.000000
20026,5.000000
20027,3.000000
20028,6.000000
20029,4.000000
20030,4.000000
20031,3.000000
20032,4.000000
20033,6.000000
20034,1.000000
20035,4.000000
20036,5.000000
20037,2.000000
20038,3.000000
20039,3.000000
20040,6.000000
20041,3.000000
20042,6.000000
20043,3.000000
20044,5.000000
20045,1.000000
20046,3.000000
20047,6.000000
20048,2.000000
20049,2.000000
20050,7.000000
20051,5.000000
20052,6.000000
20053,3.000000
20054,6.000000
20055,5.000000
20056,5.000000
20057,9.000000
20058,5.000000
20059,5.000000
20060,3.000000
20061,5.000000
20062,1.000000
20063,8.000000
20064,4.000000
20065,6.000000
20066,2.000000
20067,4.000000
20068,6.000000
20069,7.000000
20070,5.000000
20071,2.000000
20072,4.000000
20073,4.000000
20074,2.000000
20075,7.000000
20076,2.000000
20077,3.000000
20078,3.000000
20079,3.000000
20080,5.000000
20081,3.000000
20082,0.000000
20083,4.000000
20084,5.000000
20085,6.000000
20086,7.000000
20087,1.000000
20088,5.000000
20089,6.000000
20090,5.000000
20091,3.000000
20092,5.000000
20093,5.000000
20094,6.000000
20095,3.000000
20096,8.000000
20097,7.000000
20098,5.000000
20099,5.000000
20100,6.000000
20101,6.000000
20102,2.000000
20103,4.000000
20104,5.000000
20105,6.000000
20106,3.000000
20107,5.000000
20108,5.000000
20109,4.000000
20110,5.000000
20111,6.000000
20112,5.000000
20113,6.000000
20114,6.000000
20115,4.000000
20116,4.000000
20117,3.000000
20118,4.000000
20119,5.000000
20120,8.000000
20121,7.000000
20122,6.000000
20123,6.000000
20124,6.000000
20125,5.000000
20126,7.000000
20127,4.000000
20128,7.000000
20129,3.000000
20130,4.000000
20131,6.000000
20132,0.000000
20133,3.000000
20134,8.000000
20135,2.000000
20136,3.000000
20137,4.000000
20138,3.000000
20139,5.000000
20140,5.000000
20141,4.000000
20142,4.000000
20143,6.000000
20144,5.000000
20145,5.000000
20146,3.000000
20147,4.000000
20148,6.000000
20149,6.000000
20150,6.000000
20151,0.000000
20152,4.000000
20153,4.000000
20154,3.000000
20155,6.000000
20156,4.000000
20157,4.000000
20158,4.000000
20159,2.000000
20160,4.000000
20161,4.000000
20162,2.000000
20163,6.000000
20164,4.000000
20165,3.000000
20166,6.000000
20167,4.000000
20168,5.000000
20169,4.000000
20170,4.000000
20171,6.000000
20172,3.000000
20173,6.000000
20174,1.000000
20175,3.000000
20176,6.000000
20177,9.000000
20178,5.000000
20179,6.000000
20180,8.000000
20181,7.000000
20182,4.000000
20183,3.000000
20184,5.000000
20185,6.000000
20186,8.000000
20187,1.000000
20188,4.000000
20189,5.000000
20190,6.000000
20191,7.000000
20192,3.000000
20193,3.000000
20194,6.000000
20195,3.000000
20196,1.000000
20197,6.000000
20198,4.000000
20199,6.000000
20200,2.000000
20201,3.000000
20202,6.000000
20203,6.000000
20204,6.000000
20205,6.000000
20206,8.000000
20207,4.000000
20208,3.000000
20209,9.000000
20210,3.000000
20211,6.000000
20212,3.000000
20213,5.000000
20214,3.000000
20215,7.000000
20216,2.000000
20217,4.000000
20218,8.000000
20219,4.000000
20220,4.000000
20221,4.000000
20222,4.000000
20223,5.000000
20224,3.000000
20225,5.000000
20226,4.000000
20227,8.000000
20228,3.000000
20229,4.000000
20230,2.000000
20231,6.000000
20232,5.000000
20233,4.000000
20234,7.000000
20235,6.000000
20236,4.000000
20237,4.000000
20238,4.000000
20239,5.000000
20240,3.000000
20241,9.000000
20242,6.000000
20243,6.000000
20244,6.000000
20245,6.000000
20246,5.000000
20247,2.000000
20248,7.000000
20249,5.000000
20250,4.000000
20251,0.000000
20252,7.000000
20253,5.000000
20254,6.000000
20255,2.000000
20256,5.000000
20257,6.000000
20258,4.000000
20259,0.000000
20260,7.000000
20261,1.000000
20262,6.000000
20263,6.000000
20264,6.000000
20265,6.000000
20266,7.000000
20267,4.000000
20268,5.000000
20269,5.000000
20270,1.000000
20271,4.000000
20272,7.000000
20273,7.000000
20274,2.000000
20275,7.000000
20276,5.000000
20277,7.000000
20278,8.000000
20279,0.000000
20280,7.000000
20281,5.000000
20282,3.000000
20283,6.000000
20284,1.000000
20285,6.000000
20286,5.000000
20287,4.000000
20288,1.000000
20289,4.000000
20290,5.000000
20291,7.000000
20292,3.000000
20293,5.000000
20294,5.000000
20295,5.000000
20296,4.000000
20297,3.000000
20298,7.000000
20299,7.000000
20300,4.000000
20301,8.000000
20302,8.000000
20303,4.000000
20304,4.000000
20305,4.000000
20306,4.000000
20307,2.000000
20308,5.000000
20309,4.000000
20310,4.000000
20311,4.000000
20312,7.000000
20313,4.000000
20314,5.000000
20315,2.000000
20316,4.000000
20317,2.000000
20318,3.000000
20319,6.000000
20320,0.000000
20321,7.000000
20322,6.000000
20323,3.000000
20324,3.000000
20325,7.000000
20326,5.000000
20327,3.000000
20328,5.000000
20329,1.000000
20330,5.000000
20331,3.000000
20332,4.000000
20333,5.000000
20334,7.000000
20335,4.000000
20336,7.000000
20337,3.000000
20338,6.000000
20339,4.000000
20340,8.000000
20341,6.000000
20342,4.000000
20343,6.000000
20344,2.000000
20345,6.000000
20346,5.000000
20347,3.000000
20348,5.000000
20349,4.000000
20350,1.000000
20351,7.000000
20352,4.000000
20353,7.000000
20354,3.000000
20355,4.000000
20356,4.000000
20357,6.000000
20358,6.000000
20359,2.000000
20360,5.000000
20361,5.000000
20362,6.000000
20363,4.000000
20364,6.000000
20365,4.000000
20366,2.000000
20367,5.000000
20368,5.000000
20369,5.000000
20370,6.000000
20371,7.000000
20372,5.000000
20373,6.000000
20374,4.000000
20375,5.000000
20376,6.000000
20377,6.000000
20378,4.000000
20379,5.000000
20380,7.000000
20381,4.000000
20382,7.000000
20383,8.000000
20384,6.000000
20385,6.000000
20386,7.000000
20387,7.000000
20388,5.000000
20389,2.000000
20390,6.000000
20391,9.000000
20392,3.000000
20393,4.000000
20394,5.000000
20395,2.000000
20396,2.000000
20397,5.000000
20398,3.000000
20399,7.000000
20400,5.000000
20401,3.000000
20402,2.000000
20403,4.000000
20404,1.000000
20405,6.000000
20406,8.000000
20407,6.000000
20408,6.000000
20409,3.000000
20410,2.000000
20411,4.000000
20412,3.000000
20413,3.000000
20414,5.000000
20415,8.000000
20416,4.000000
20417,7.000000
20418,5.000000
20419,4.000000
20420,6.000000
20421,4.000000
20422,7.000000
20423,4.000000
20424,9.000000
20425,6.000000
20426,4.000000
20427,7.000000
20428,5.000000
20429,2.000000
20430,5.000000
20431,3.000000
20432,5.000000
20433,5.000000
20434,5.000000
20435,7.000000
20436,7.000000
20437,5.000000
20438,1.000000
20439,2.000000
20440,7.000000
20441,4.000000
20442,1.000000
20443,5.000000
20444,7.000000
20445,4.000000
20446,4.000000
20447,6.000000
20448,2.000000
20449,3.000000
20450,6.000000
20451,3.000000
20452,7.000000
20453,3.000000
20454,6.000000
20455,2.000000
20456,2.000000
20457,7.000000
20458,4.000000
20459,3.000000
20460,5.000000
20461,4.000000
20462,7.000000
20463,7.000000
20464,4.000000
20465,7.000000
20466,2.000000
20467,5.000000
20468,4.000000
20469,7.000000
20470,6.000000
20471,4.000000
20472,7.000000
20473,8.000000
20474,6.000000
20475,6.000000
20476,8.000000
20477,4.000000
20478,4.000000
20479,5.000000
20480,4.000000
20481,7.000000
20482,2.000000
20483,7.000000
20484,5.000000
20485,3.000000
20486,4.000000
20487,2.000000
20488,5.000000
20489,4.000000
20490,3.000000
20491,2.000000
20492,5.000000
20493,4.000000
20494,3.000000
20495,3.000000
20496,6.000000
20497,4.000000
20498,4.000000
20499,6.000000
20500,5.000000
20501,4.000000
20502,5.000000
20503,3.000000
20504,5.000000
20505,5.000000
20506,2.000000
20507,4.000000
20508,4.000000
20509,6.000000
20510,7.000000
20511,5.000000
20512,7.000000
20513,6.000000
20514,2.000000
20515,4.000000
20516,4.000000
20517,4.000000
20518,5.000000
20519,5.000000
20520,6.000000
20521,3.000000
20522,5.000000
20523,4.000000
20524,1.000000
20525,4.000000
20526,7.000000
20527,3.000000
20528,5.000000
20529,4.000000
20530,5.000000
20531,3.000000
20532,4.000000
20533,4.000000
20534,4.000000
20535,4.000000
20536,6.000000
20537,3.000000
20538,5.000000
20539,5.000000
20540,6.000000
20541,6.000000
20542,3.000000
20543,6.000000
20544,6.000000
20545,5.000000
20546,6.000000
20547,8.000000
20548,7.000000
20549,6.000000
20550,6.000000
20551,5.000000
20552,7.000000
20553,3.000000
20554,8.000000
20555,7.000000
20556,0.000000
20557,6.000000
20558,1.000000
20559,7.000000
20560,3.000000
20561,7.000000
20562,4.000000
20563,6.000000
20564,4.000000
20565,5.000000
20566,3.000000
20567,3.000000
20568,4.000000
20569,9.000000
20570,4.000000
20571,2.000000
20572,0.000000
20573,5.000000
20574,5.000000
20575,6.000000
20576,5.000000
20577,3.000000
20578,4.000000
20579,5.000000
20580,3.000000
20581,6.000000
20582,4.000000
20583,5.000000
20584,3.000000
20585,6.000000
20586,7.000000
20587,3.000000
20588,7.000000
20589,4.000000
20590,2.000000
20591,3.000000
20592,4.000000
20593,6.000000
20594,4.000000
20595,5.000000
20596,4.000000
20597,6.000000
20598,6.000000
20599,6.000000
20600,3.000000
20601,3.000000
20602,3.000000
20603,7.000000
20604,4.000000
20605,3.000000
20606,5.000000
20607,5.000000
20608,2.000000
20609,5.000000
20610,6.000000
20611,5.000000
20612,5.000000
20613,6.000000
20614,8.000000
20615,9.000000
20616,4.000000
20617,7.000000
20618,5.000000
20619,3.000000
20620,5.000000
20621,5.000000
20622,5.000000
20623,6.000000
20624,6.000000
20625,5.000000
20626,4.000000
20627,0.000000
20628,4.000000
20629,9.000000
20630,9.000000
20631,4.000000
20632,4.000000
20633,7.000000
20634,6.000000
20635,6.000000
20636,5.000000
20637,4.000000
20638,8.000000
20639,8.000000
20640,7.000000
20641,6.000000
20642,1.000000
20643,5.000000
20644,2.000000
20645,1.000000
20646,5.000000
20647,9.000000
20648,5.000000
20649,5.000000
20650,5.000000
20651,7.000000
20652,7.000000
20653,4.000000
20654,2.000000
20655,6.000000
20656,2.000000
20657,3.000000
20658,6.000000
20659,5.000000
20660,4.000000
20661,1.000000
20662,8.000000
20663,7.000000
20664,7.000000
20665,5.000000
20666,6.000000
20667,6.000000
20668,5.000000
20669,2.000000
20670,7.000000
20671,5.000000
20672,1.000000
20673,4.000000
20674,2.000000
20675,1.000000
20676,5.000000
20677,6.000000
20678,1.000000
20679,3.000000
20680,2.000000
20681,2.000000
20682,2.000000
20683,3.000000
20684,5.000000
20685,5.000000
20686,6.000000
20687,5.000000
20688,6.000000
20689,4.000000
20690,3.000000
20691,6.000000
20692,4.000000
20693,6.000000
20694,6.000000
20695,5.000000
20696,4.000000
20697,5.000000
20698,5.000000
20699,2.000000
20700,7.000000
20701,5.000000
20702,6.000000
20703,3.000000
20704,4.000000
20705,5.000000
20706,4.000000
20707,5.000000
20708,5.000000
20709,8.000000
20710,6.000000
20711,3.000000
20712,3.000000
20713,5.000000
20714,6.000000
20715,7.000000
20716,7.000000
20717,6.000000
20718,7.000000
20719,5.000000
20720,7.000000
20721,8.000000
20722,7.000000
20723,2.000000
20724,2.000000
20725,4.000000
20726,5.000000
20727,5.000000
20728,3.000000
20729,3.000000
20730,8.000000
20731,2.000000
20732,2.000000
20733,6.000000
20734,2.000000
20735,6.000000
20736,9.000000
20737,6.000000
20738,5.000000
20739,3.000000
20740,7.000000
20741,4.000000
20742,7.000000
20743,5.000000
20744,4.000000
20745,5.000000
20746,4.000000
20747,4.000000
20748,4.000000
20749,4.000000
20750,3.000000
20751,6.000000
20752,4.000000
20753,6.000000
20754,6.000000
20755,6.000000
20756,7.000000
20757,6.000000
20758,6.000000
20759,7.000000
20760,3.000000
20761,4.000000
20762,4.000000
20763,3.000000
20764,6.000000
20765,6.000000
20766,7.000000
20767,2.000000
20768,7.000000
20769,5.000000
20770,6.000000
20771,7.000000
20772,3.000000
20773,1.000000
20774,6.000000
20775,5.000000
20776,0.000000
20777,4.000000
20778,9.000000
20779,5.000000
20780,0.000000
20781,3.000000
20782,5.000000
20783,7.000000
20784,6.000000
20785,6.000000
20786,3.000000
20787,5.000000
20788,6.000000
20789,4.000000
20790,3.000000
20791,6.000000
20792,6.000000
20793,3.000000
20794,4.000000
20795,6.000000
20796,4.000000
20797,9.000000
20798,3.000000
20799,2.000000
20800,7.000000
20801,4.000000
20802,7.000000
20803,3.000000
20804,4.000000
20805,7.000000
20806,6.000000
20807,6.000000
20808,2.000000
20809,5.000000
20810,6.000000
20811,6.000000
20812,7.000000
20813,5.000000
20814,3.000000
20815,3.000000
20816,4.000000
20817,6.000000
20818,6.000000
20819,8.000000
20820,4.000000
20821,3.000000
20822,3.000000
20823,6.000000
20824,6.000000
20825,3.000000
20826,6.000000
20827,7.000000
20828,7.000000
20829,5.000000
20830,4.000000
20831,7.000000
20832,4.000000
20833,7.000000
20834,4.000000
20835,6.000000
20836,5.000000
20837,6.000000
20838,3.000000
20839,5.000000
20840,5.000000
20841,5.000000
20842,5.000000
20843,8.000000
20844,5.000000
20845,4.000000
20846,5.000000
20847,4.000000
20848,3.000000
20849,6.000000
20850,5.000000
20851,5.000000
20852,6.000000
20853,6.000000
20854,7.000000
20855,4.000000
20856,3.000000
20857,2.000000
20858,7.000000
20859,4.000000
20860,7.000000
20861,5.000000
20862,4.000000
20863,7.000000
20864,7.000000
20865,6.000000
20866,3.000000
20867,4.000000
20868,5.000000
20869,6.000000
20870,6.000000
20871,2.000000
20872,4.000000
20873,6.000000
20874,5.000000
20875,5.000000
20876,5.000000
20877,3.000000
20878,3.000000
20879,3.000000
20880,6.000000
20881,3.000000
20882,3.000000
20883,5.000000
20884,2.000000
20885,6.000000
20886,3.000000
20887,0.000000
20888,6.000000
20889,6.000000
20890,6.000000
20891,3.000000
20892,5.000000
20893,5.000000
20894,5.000000
20895,8.000000
20896,6.000000
20897,4.000000
20898,6.000000
20899,7.000000
20900,7.000000
20901,5.000000
20902,5.000000
20903,5.000000
20904,7.000000
20905,7.000000
20906,7.000000
20907,5.000000
20908,5.000000
20909,2.000000
20910,4.000000
20911,5.000000
20912,2.000000
20913,5.000000
20914,7.000000
20915,5.000000
20916,6.000000
20917,3.000000
20918,3.000000
20919,5.000000
20920,7.000000
20921,4.000000
20922,5.000000
20923,5.000000
20924,6.000000
20925,3.000000
20926,7.000000
20927,5.000000
20928,7.000000
20929,6.000000
20930,4.000000
20931,4.000000
20932,5.000000
20933,7.000000
20934,7.000000
20935,4.000000
20936,4.000000
20937,5.000000
20938,6.000000
20939,7.000000
20940,3.000000
20941,4.000000
20942,4.000000
20943,4.000000
20944,6.000000
20945,2.000000
20946,6.000000
20947,7.000000
20948,5.000000
20949,2.000000
20950,7.000000
20951,2.000000
20952,3.000000
20953,6.000000
20954,5.000000
20955,7.000000
20956,4.000000
20957,6.000000
20958,3.000000
20959,6.000000
20960,3.000000
20961,6.000000
20962,4.000000
20963,5.000000
20964,4.000000
20965,4.000000
20966,5.000000
20967,3.000000
20968,1.000000
20969,5.000000
20970,4.000000
20971,6.000000
20972,4.000000
20973,4.000000
20974,2.000000
20975,5.000000
20976,3.000000
20977,1.000000
20978,3.000000
20979,6.000000
20980,3.000000
20981,5.000000
20982,4.000000
20983,6.000000
20984,3.000000
20985,5.000000
20986,3.000000
20987,5.000000
20988,5.000000
20989,4.000000
20990,4.000000
20991,5.000000
20992,4.000000
20993,7.000000
20994,2.000000
20995,8.000000
20996,3.000000
20997,5.000000
20998,6.000000
20999,2.000000
21000,5.000000
21001,4.000000
21002,4.000000
21003,6.000000
21004,7.000000
21005,2.000000
21006,5.000000
21007,5.000000
21008,4.000000
21009,5.000000
21010,6.000000
21011,5.000000
21012,3.000000
21013,7.000000
21014,7.000000
21015,4.000000
21016,5.000000
21017,5.000000
21018,4.000000
21019,5.000000
21020,6.000000
21021,3.000000
21022,6.000000
21023,6.000000
21024,4.000000
21025,5.000000
21026,7.000000
21027,7.000000
21028,4.000000
21029,6.000000
21030,5.000000
21031,7.000000
21032,8.000000
21033,6.000000
21034,5.000000
21035,4.000000
21036,2.000000
21037,2.000000
21038,2.000000
21039,5.000000
21040,4.000000
21041,5.000000
21042,5.000000
21043,6.000000
21044,5.000000
21045,4.000000
21046,5.000000
21047,4.000000
21048,3.000000
21049,4.000000
21050,4.000000
21051,4.000000
21052,5.000000
21053,6.000000
21054,3.000000
21055,7.000000
21056,3.000000
21057,2.000000
21058,6.000000
21059,6.000000
21060,3.000000
21061,9.000000
21062,5.000000
21063,4.000000
21064,6.000000
21065,6.000000
21066,7.000000
21067,5.000000
21068,5.000000
21069,6.000000
21070,0.000000
21071,6.000000
21072,4.000000
21073,6.000000
21074,4.000000
21075,6.000000
21076,4.000000
21077,6.000000
21078,6.000000
21079,9.000000
21080,5.000000
21081,2.000000
21082,5.000000
21083,6.000000
21084,2.000000
21085,6.000000
21086,7.000000
21087,6.000000
21088,5.000000
21089,5.000000
21090,5.000000
21091,3.000000
21092,5.000000
21093,8.000000
21094,5.000000
21095,0.000000
21096,7.000000
21097,5.000000
21098,5.000000
21099,5.000000
21100,6.000000
21101,3.000000
21102,1.000000
21103,8.000000
21104,1.000000
21105,9.000000
21106,4.000000
21107,7.000000
21108,6.000000
21109,3.000000
21110,3.000000
21111,6.000000
21112,0.000000
21113,4.000000
21114,4.000000
21115,7.000000
21116,5.000000
21117,5.000000
21118,5.000000
21119,7.000000
21120,7.000000
21121,5.000000
21122,6.000000
21123,4.000000
21124,3.000000
21125,8.000000
21126,4.000000
21127,4.000000
21128,1.000000
21129,8.000000
21130,6.000000
21131,2.000000
21132,8.000000
21133,5.000000
21134,5.000000
21135,7.000000
21136,3.000000
21137,6.000000
21138,3.000000
21139,9.000000
21140,6.000000
21141,4.000000
21142,3.000000
21143,6.000000
21144,4.000000
21145,5.000000
21146,5.000000
21147,4.000000
21148,6.000000
21149,6.000000
21150,6.000000
21151,6.000000
21152,2.000000
21153,5.000000
21154,4.000000
21155,7.000000
21156,6.000000
21157,4.000000
21158,7.000000
21159,3.000000
21160,2.000000
21161,7.000000
21162,6.000000
21163,3.000000
21164,0.000000
21165,2.000000
21166,7.000000
21167,6.000000
21168,2.000000
21169,3.000000
21170,4.000000
21171,6.000000
21172,5.000000
21173,4.000000
21174,4.000000
21175,8.000000
21176,4.000000
21177,8.000000
21178,4.000000
21179,7.000000
21180,1.000000
21181,1.000000
21182,6.000000
21183,7.000000
21184,7.000000
21185,3.000000
21186,2.000000
21187,4.000000
21188,3.000000
21189,7.000000
21190,7.000000
21191,4.000000
21192,6.000000
21193,7.000000
21194,5.000000
21195,6.000000
21196,0.000000
21197,8.000000
21198,6.000000
21199,7.000000
21200,4.000000
21201,4.000000
21202,2.000000
21203,4.000000
21204,5.000000
21205,6.000000
21206,2.000000
21207,1.000000
21208,7.000000
21209,4.000000
21210,5.000000
21211,0.000000
21212,3.000000
21213,6.000000
21214,2.000000
21215,6.000000
21216,4.000000
21217,5.000000
21218,5.000000
21219,5.000000
21220,7.000000
21221,5.000000
21222,4.000000
21223,6.000000
21224,6.000000
21225,3.000000
21226,5.000000
21227,6.000000
21228,6.000000
21229,4.000000
21230,4.000000
21231,5.000000
21232,4.000000
21233,2.000000
21234,4.000000
21235,5.000000
21236,5.000000
21237,7.000000
21238,5.000000
21239,5.000000
21240,4.000000
21241,3.000000
21242,5.000000
21243,4.000000
21244,1.000000
21245,5.000000
21246,5.000000
21247,6.000000
21248,2.000000
21249,6.000000
21250,6.000000
21251,7.000000
21252,6.000000
21253,5.000000
21254,6.000000
21255,3.000000
21256,6.000000
21257,6.000000
21258,7.000000
21259,5.000000
21260,3.000000
21261,6.000000
21262,6.000000
21263,6.000000
21264,5.000000
21265,5.000000
21266,6.000000
21267,4.000000
21268,3.000000
21269,7.000000
21270,6.000000
21271,4.000000
21272,5.000000
21273,5.000000
21274,0.000000
21275,6.000000
21276,5.000000
21277,3.000000
21278,1.000000
21279,4.000000
21280,5.000000
21281,7.000000
21282,6.000000
21283,4.000000
21284,2.000000
21285,6.000000
21286,8.000000
21287,0.000000
21288,7.000000
21289,5.000000
21290,5.000000
21291,6.000000
21292,4.000000
21293,5.000000
21294,5.000000
21295,4.000000
21296,4.000000
21297,3.000000
21298,8.000000
21299,5.000000
21300,6.000000
21301,5.000000
21302,5.000000
21303,7.000000
21304,4.000000
21305,6.000000
21306,5.000000
21307,4.000000
21308,5.000000
21309,7.000000
21310,0.000000
21311,3.000000
21312,5.000000
21313,2.000000
21314,8.000000
21315,6.000000
21316,4.000000
21317,6.000000
21318,3.000000
21319,2.000000
21320,6.000000
21321,5.000000
21322,4.000000
21323,2.000000
21324,7.000000
21325,7.000000
21326,7.000000
21327,8.000000
21328,2.000000
21329,4.000000
21330,7.000000
21331,5.000000
21332,7.000000
21333,6.000000
21334,5.000000
21335,5.000000
21336,7.000000
21337,5.000000
21338,5.000000
21339,2.000000
21340,3.000000
21341,5.000000
21342,5.000000
21343,4.000000
21344,4.000000
21345,6.000000
21346,6.000000
21347,5.000000
21348,3.000000
21349,2.000000
21350,7.000000
21351,3.000000
21352,4.000000
21353,8.000000
21354,5.000000
21355,1.000000
21356,6.000000
21357,7.000000
21358,6.000000
21359,7.000000
21360,4.000000
21361,6.000000
21362,2.000000
21363,4.000000
21364,3.000000
21365,1.000000
21366,6.000000
21367,0.000000
21368,5.000000
21369,5.000000
21370,4.000000
21371,2.000000
21372,5.000000
21373,6.000000
21374,6.000000
21375,5.000000
21376,7.000000
21377,2.000000
21378,2.000000
21379,3.000000
21380,0.000000
21381,6.000000
21382,5.000000
21383,5.000000
21384,5.000000
21385,5.000000
21386,4.000000
21387,7.000000
21388,5.000000
21389,4.000000
21390,6.000000
21391,3.000000
21392,6.000000
21393,7.000000
21394,4.000000
21395,3.000000
21396,4.000000
21397,6.000000
21398,7.000000
21399,2.000000
21400,0.000000
21401,3.000000
21402,3.000000
21403,7.000000
21404,4.000000
21405,4.000000
21406,5.000000
21407,3.000000
21408,3.000000
21409,3.000000
21410,3.000000
21411,1.000000
21412,6.000000
21413,3.000000
21414,7.000000
21415,5.000000
21416,6.000000
21417,4.000000
21418,4.000000
21419,2.000000
21420,5.000000
21421,1.000000
21422,4.000000
21423,6.000000
21424,3.000000
21425,1.000000
21426,4.000000
21427,5.000000
21428,7.000000
21429,4.000000
21430,3.000000
21431,4.000000
21432,2.000000
21433,3.000000
21434,2.000000
21435,3.000000
21436,3.000000
21437,4.000000
21438,6.000000
21439,4.000000
21440,5.000000
21441,2.000000
21442,4.000000
21443,2.000000
21444,6.000000
21445,6.000000
21446,3.000000
21447,2.000000
21448,3.000000
21449,3.000000
21450,5.000000
21451,2.000000
21452,6.000000
21453,5.000000
21454,3.000000
21455,7.000000
21456,3.000000
21457,4.000000
21458,3.000000
21459,4.000000
21460,2.000000
21461,5.000000
21462,5.000000
21463,4.000000
21464,4.000000
21465,2.000000
21466,6.000000
21467,5.000000
21468,3.000000
21469,2.000000
21470,6.000000
21471,4.000000
21472,6.000000
21473,4.000000
21474,3.000000
21475,4.000000
21476,3.000000
21477,5.000000
21478,4.000000
21479,4.000000
21480,3.000000
21481,3.000000
21482,5.000000
21483,0.000000
21484,5.000000
21485,3.000000
21486,3.000000
21487,5.000000
21488,4.000000
21489,3.000000
21490,2.000000
21491,5.000000
21492,2.000000
21493,7.000000
21494,4.000000
21495,3.000000
21496,1.000000
21497,6.000000
21498,4.000000
21499,2.000000
21500,6.000000
21501,5.000000
21502,4.000000
21503,5.000000
21504,6.000000
21505,3.000000
21506,4.000000
21507,1.000000
21508,5.000000
21509,7.000000
21510,5.000000
21511,2.000000
21512,7.000000
21513,4.000000
21514,3.000000
21515,3.000000
21516,3.000000
21517,5.000000
21518,7.000000
21519,5.000000
21520,4.000000
21521,4.000000
21522,5.000000
21523,8.000000
21524,4.000000
21525,1.000000
21526,6.000000
21527,1.000000
21528,3.000000
21529,5.000000
21530,3.000000
21531,2.000000
21532,4.000000
21533,5.000000
21534,4.000000
21535,2.000000
21536,6.000000
21537,5.000000
21538,6.000000
21539,5.000000
21540,5.000000
21541,5.000000
21542,7.000000
21543,7.000000
21544,5.000000
21545,3.000000
21546,4.000000
21547,5.000000
21548,5.000000
21549,5.000000
21550,6.000000
21551,4.000000
21552,7.000000
21553,5.000000
21554,5.000000
21555,7.000000
21556,6.000000
21557,3.000000
21558,3.000000
21559,1.000000
21560,5.000000
21561,5.000000
21562,6.000000
21563,7.000000
21564,4.000000
21565,7.000000
21566,3.000000
21567,5.000000
21568,2.000000
21569,1.000000
21570,5.000000
21571,6.000000
21572,2.000000
21573,7.000000
21574,7.000000
21575,5.000000
21576,5.000000
21577,6.000000
21578,7.000000
21579,4.000000
21580,2.000000
21581,5.000000
21582,5.000000
21583,5.000000
21584,6.000000
21585,2.000000
21586,6.000000
21587,4.000000
21588,1.000000
21589,3.000000
21590,5.000000
21591,2.000000
21592,4.000000
21593,3.000000
21594,7.000000
21595,2.000000
21596,2.000000
21597,3.000000
21598,3.000000
21599,8.000000
21600,5.000000
21601,3.000000
21602,3.000000
21603,4.000000
21604,3.000000
21605,2.000000
21606,5.000000
21607,5.000000
21608,3.000000
21609,3.000000
21610,4.000000
21611,3.000000
21612,6.000000
21613,3.000000
21614,4.000000
21615,3.000000
21616,1.000000
21617,3.000000
21618,4.000000
21619,4.000000
21620,6.000000
21621,4.000000
21622,4.000000
21623,4.000000
21624,7.000000
21625,6.000000
21626,2.000000
21627,1.000000
21628,2.000000
21629,3.000000
21630,3.000000
21631,7.000000
21632,4.000000
21633,2.000000
21634,5.000000
21635,8.000000
21636,1.000000
21637,6.000000
21638,4.000000
21639,4.000000
21640,3.000000
21641,3.000000
21642,6.000000
21643,2.000000
21644,3.000000
21645,6.000000
21646,6.000000
21647,8.000000
21648,7.000000
21649,3.000000
21650,8.000000
21651,5.000000
21652,3.000000
21653,3.000000
21654,3.000000
21655,3.000000
21656,6.000000
21657,8.000000
21658,4.000000
21659,2.000000
21660,1.000000
21661,6.000000
21662,5.000000
21663,3.000000
21664,7.000000
21665,6.000000
21666,4.000000
21667,4.000000
21668,2.000000
21669,4.000000
21670,7.000000
21671,4.000000
21672,5.000000
21673,4.000000
21674,7.000000
21675,8.000000
21676,9.000000
21677,5.000000
21678,4.000000
21679,4.000000
21680,6.000000
21681,6.000000
21682,2.000000
21683,3.000000
21684,7.000000
21685,1.000000
21686,4.000000
21687,7.000000
21688,5.000000
21689,4.000000
21690,6.000000
21691,6.000000
21692,5.000000
21693,4.000000
21694,5.000000
21695,6.000000
21696,4.000000
21697,5.000000
21698,4.000000
21699,5.000000
21700,5.000000
21701,4.000000
21702,5.000000
21703,9.000000
21704,4.000000
21705,3.000000
21706,6.000000
21707,0.000000
21708,5.000000
21709,0.000000
21710,0.000000
21711,7.000000
21712,4.000000
21713,3.000000
21714,3.000000
21715,6.000000
21716,2.000000
21717,4.000000
21718,7.000000
21719,5.000000
21720,3.000000
21721,6.000000
21722,2.000000
21723,4.000000
21724,6.000000
21725,4.000000
21726,2.000000
21727,7.000000
21728,3.000000
21729,5.000000
21730,5.000000
21731,4.000000
21732,5.000000
21733,3.000000
21734,7.000000
21735,3.000000
21736,4.000000
21737,5.000000
21738,6.000000
21739,4.000000
21740,5.000000
21741,6.000000
21742,3.000000
21743,6.000000
21744,5.000000
21745,3.000000
21746,3.000000
21747,6.000000
21748,5.000000
21749,8.000000
21750,2.000000
21751,2.000000
21752,5.000000
21753,6.000000
21754,4.000000
21755,5.000000
21756,7.000000
21757,3.000000
21758,9.000000
21759,0.000000
21760,4.000000
21761,5.000000
21762,5.000000
21763,8.000000
21764,7.000000
21765,5.000000
21766,4.000000
21767,4.000000
21768,4.000000
21769,1.000000
21770,4.000000
21771,7.000000
21772,4.000000
21773,3.000000
21774,3.000000
21775,5.000000
21776,8.000000
21777,4.000000
21778,5.000000
21779,6.000000
21780,5.000000
21781,7.000000
21782,9.000000
21783,4.000000
21784,4.000000
21785,7.000000
21786,5.000000
21787,2.000000
21788,3.000000
21789,7.000000
21790,2.000000
21791,5.000000
21792,6.000000
21793,1.000000
21794,4.000000
21795,4.000000
21796,6.000000
21797,4.000000
21798,5.000000
21799,6.000000
21800,8.000000
21801,3.000000
21802,3.000000
21803,0.000000
21804,6.000000
21805,4.000000
21806,5.000000
21807,4.000000
21808,1.000000
21809,2.000000
21810,6.000000
21811,7.000000
21812,4.000000
21813,5.000000
21814,6.000000
21815,6.000000
21816,1.000000
21817,6.000000
21818,6.000000
21819,7.000000
21820,3.000000
21821,1.000000
21822,3.000000
21823,7.000000
21824,4.000000
21825,5.000000
21826,3.000000
21827,6.000000
21828,4.000000
21829,4.000000
21830,6.000000
21831,4.000000
21832,3.000000
21833,4.000000
21834,5.000000
21835,5.000000
21836,5.000000
21837,7.000000
21838,1.000000
21839,2.000000
21840,6.000000
21841,4.000000
21842,3.000000
21843,4.000000
21844,1.000000
21845,7.000000
21846,4.000000
21847,4.000000
21848,6.000000
21849,5.000000
21850,2.000000
21851,3.000000
21852,2.000000
21853,3.000000
21854,5.000000
21855,5.000000
21856,7.000000
21857,3.000000
21858,3.000000
21859,6.000000
21860,4.000000
21861,6.000000
21862,6.000000
21863,6.000000
21864,4.000000
21865,6.000000
21866,6.000000
21867,3.000000
21868,2.000000
21869,2.000000
21870,3.000000
21871,6.000000
21872,1.000000
21873,4.000000
21874,7.000000
21875,5.000000
21876,2.000000
21877,4.000000
21878,4.000000
21879,0.000000
21880,4.000000
21881,4.000000
21882,5.000000
21883,6.000000
21884,5.000000
21885,3.000000
21886,2.000000
21887,7.000000
21888,6.000000
21889,7.000000
21890,2.000000
21891,1.000000
21892,6.000000
21893,6.000000
21894,2.000000
21895,9.000000
21896,4.000000
21897,5.000000
21898,3.000000
21899,7.000000
21900,6.000000
21901,2.000000
21902,3.000000
21903,6.000000
21904,5.000000
21905,4.000000
21906,6.000000
21907,6.000000
21908,4.000000
21909,4.000000
21910,4.000000
21911,2.000000
21912,4.000000
21913,2.000000
21914,5.000000
21915,5.000000
21916,2.000000
21917,4.000000
21918,6.000000
21919,5.000000
21920,6.000000
21921,6.000000
21922,8.000000
21923,7.000000
21924,5.000000
21925,0.000000
21926,6.000000
21927,1.000000
21928,4.000000
21929,6.000000
21930,7.000000
21931,4.000000
21932,1.000000
21933,4.000000
21934,3.000000
21935,5.000000
21936,7.000000
21937,3.000000
21938,6.000000
21939,5.000000
21940,4.000000
21941,7.000000
21942,7.000000
21943,5.000000
21944,6.000000
21945,4.000000
21946,3.000000
21947,4.000000
21948,8.000000
21949,4.000000
21950,6.000000
21951,5.000000
21952,7.000000
21953,3.000000
21954,5.000000
21955,5.000000
21956,5.000000
21957,9.000000
21958,5.000000
21959,3.000000
21960,1.000000
21961,1.000000
21962,5.000000
21963,2.000000
21964,2.000000
21965,5.000000
21966,2.000000
21967,4.000000
21968,7.000000
21969,3.000000
21970,8.000000
21971,4.000000
21972,6.000000
21973,7.000000
21974,6.000000
21975,3.000000
21976,3.000000
21977,6.000000
21978,6.000000
21979,3.000000
21980,4.000000
21981,5.000000
21982,4.000000
21983,6.000000
21984,5.000000
21985,4.000000
21986,6.000000
21987,1.000000
21988,6.000000
21989,1.000000
21990,5.000000
21991,7.000000
21992,6.000000
21993,5.000000
21994,7.000000
21995,4.000000
21996,5.000000
21997,4.000000
21998,3.000000
21999,5.000000
22000,7.000000
22001,5.000000
22002,5.000000
22003,5.000000
22004,3.000000
22005,3.000000
22006,4.000000
22007,2.000000
22008,6.000000
22009,3.000000
22010,1.000000
22011,3.000000
22012,3.000000
22013,3.000000
22014,6.000000
22015,7.000000
22016,5.000000
22017,3.000000
22018,5.000000
22019,3.000000
22020,3.000000
22021,1.000000
22022,4.000000
22023,7.000000
22024,7.000000
22025,4.000000
22026,3.000000
22027,1.000000
22028,7.000000
22029,7.000000
22030,3.000000
22031,4.000000
22032,7.000000
22033,4.000000
22034,3.000000
22035,2.000000
22036,6.000000
22037,3.000000
22038,4.000000
22039,2.000000
22040,4.000000
22041,4.000000
22042,3.000000
22043,2.000000
22044,5.000000
22045,6.000000
22046,4.000000
22047,3.000000
22048,2.000000
22049,5.000000
22050,5.000000
22051,6.000000
22052,2.000000
22053,3.000000
22054,7.000000
22055,5.000000
22056,2.000000
22057,6.000000
22058,2.000000
22059,6.000000
22060,4.000000
22061,6.000000
22062,4.000000
22063,1.000000
22064,3.000000
22065,7.000000
22066,5.000000
22067,0.000000
22068,4.000000
22069,5.000000
22070,6.000000
22071,4.000000
22072,5.000000
22073,7.000000
22074,6.000000
22075,7.000000
22076,5.000000
22077,4.000000
22078,4.000000
22079,5.000000
22080,4.000000
22081,4.000000
22082,5.000000
22083,6.000000
22084,5.000000
22085,5.000000
22086,5.000000
22087,5.000000
22088,4.000000
22089,3.000000
22090,2.000000
22091,2.000000
22092,6.000000
22093,2.000000
22094,5.000000
22095,4.000000
22096,1.000000
22097,5.000000
22098,4.000000
22099,5.000000
22100,5.000000
22101,5.000000
22102,6.000000
22103,5.000000
22104,2.000000
22105,6.000000
22106,6.000000
22107,5.000000
22108,5.000000
22109,6.000000
22110,4.000000
22111,7.000000
22112,4.000000
22113,7.000000
22114,5.000000
22115,5.000000
22116,1.000000
22117,5.000000
22118,6.000000
22119,4.000000
22120,3.000000
22121,5.000000
22122,5.000000
22123,7.000000
22124,5.000000
22125,2.000000
22126,6.000000
22127,6.000000
22128,1.000000
22129,4.000000
22130,2.000000
22131,5.000000
22132,7.000000
22133,6.000000
22134,5.000000
22135,4.000000
22136,4.000000
22137,3.000000
22138,5.000000
22139,4.000000
22140,4.000000
22141,5.000000
22142,6.000000
22143,7.000000
22144,4.000000
22145,2.000000
22146,6.000000
22147,5.000000
22148,4.000000
22149,3.000000
22150,5.000000
22151,4.000000
22152,3.000000
22153,6.000000
22154,5.000000
22155,6.000000
22156,5.000000
22157,5.000000
22158,5.000000
22159,6.000000
22160,3.000000
22161,5.000000
22162,5.000000
22163,6.000000
22164,5.000000
22165,5.000000
22166,3.000000
22167,5.000000
22168,4.000000
22169,2.000000
22170,4.000000
22171,7.000000
22172,4.000000
22173,3.000000
22174,6.000000
22175,6.000000
22176,6.000000
22177,5.000000
22178,7.000000
22179,4.000000
22180,2.000000
22181,2.000000
22182,2.000000
22183,6.000000
22184,5.000000
22185,4.000000
22186,8.000000
22187,4.000000
22188,4.000000
22189,6.000000
22190,4.000000
22191,8.000000
22192,2.000000
22193,8.000000
22194,7.000000
22195,6.000000
22196,6.000000
22197,3.000000
22198,3.000000
22199,0.000000
22200,1.000000
22201,9.000000
22202,5.000000
22203,2.000000
22204,1.000000
22205,6.000000
22206,5.000000
22207,5.000000
22208,3.000000
22209,0.000000
22210,4.000000
22211,8.000000
22212,7.000000
22213,3.000000
22214,6.000000
22215,4.000000
22216,5.000000
22217,0.000000
22218,6.000000
22219,3.000000
22220,3.000000
22221,5.000000
22222,8.000000
22223,7.000000
22224,7.000000
22225,4.000000
22226,5.000000
22227,7.000000
22228,3.000000
22229,5.000000
22230,6.000000
22231,5.000000
22232,4.000000
22233,3.000000
22234,5.000000
22235,6.000000
22236,2.000000
22237,3.000000
22238,3.000000
22239,9.000000
22240,5.000000
22241,6.000000
22242,6.000000
22243,1.000000
22244,5.000000
22245,5.000000
22246,3.000000
22247,4.000000
22248,7.000000
22249,3.000000
22250,5.000000
22251,4.000000
22252,5.000000
22253,4.000000
22254,5.000000
22255,5.000000
22256,2.000000
22257,4.000000
22258,6.000000
22259,4.000000
22260,4.000000
22261,4.000000
22262,0.000000
22263,6.000000
22264,6.000000
22265,5.000000
22266,6.000000
22267,4.000000
22268,6.000000
22269,4.000000
22270,2.000000
22271,6.000000
22272,2.000000
22273,5.000000
22274,0.000000
22275,7.000000
22276,5.000000
22277,3.000000
22278,3.000000
22279,1.000000
22280,5.000000
22281,4.000000
22282,4.000000
22283,3.000000
22284,5.000000
22285,5.000000
22286,4.000000
22287,7.000000
22288,1.000000
22289,6.000000
22290,5.000000
22291,5.000000
22292,7.000000
22293,4.000000
22294,5.000000
22295,5.000000
22296,5.000000
22297,3.000000
22298,4.000000
22299,4.000000
22300,1.000000
22301,1.000000
22302,6.000000
22303,7.000000
22304,4.000000
22305,3.000000
22306,2.000000
22307,5.000000
22308,5.000000
22309,6.000000
22310,3.000000
22311,6.000000
22312,3.000000
22313,6.000000
22314,4.000000
22315,5.000000
22316,5.000000
22317,2.000000
22318,2.000000
22319,7.000000
22320,7.000000
22321,4.000000
22322,2.000000
22323,0.000000
22324,7.000000
22325,5.000000
22326,8.000000
22327,2.000000
22328,5.000000
22329,4.000000
22330,5.000000
22331,4.000000
22332,3.000000
22333,4.000000
22334,3.000000
22335,5.000000
22336,5.000000
22337,2.000000
22338,2.000000
22339,7.000000
22340,2.000000
22341,5.000000
22342,7.000000
22343,5.000000
22344,7.000000
22345,3.000000
22346,5.000000
22347,5.000000
22348,7.000000
22349,4.000000
22350,5.000000
22351,3.000000
22352,4.000000
22353,3.000000
22354,3.000000
22355,6.000000
22356,4.000000
22357,5.000000
22358,7.000000
22359,8.000000
22360,6.000000
22361,5.000000
22362,5.000000
22363,7.000000
22364,6.000000
22365,0.000000
22366,7.000000
22367,7.000000
22368,5.000000
22369,3.000000
22370,3.000000
22371,4.000000
22372,5.000000
22373,4.000000
22374,4.000000
22375,3.000000
22376,1.000000
22377,3.000000
22378,5.000000
22379,4.000000
22380,6.000000
22381,5.000000
22382,3.000000
22383,4.000000
22384,4.000000
22385,8.000000
22386,7.000000
22387,4.000000
22388,4.000000
22389,4.000000
22390,4.000000
22391,6.000000
22392,3.000000
22393,5.000000
22394,7.000000
22395,2.000000
22396,4.000000
22397,3.000000
22398,6.000000
22399,7.000000
22400,5.000000
22401,6.000000
22402,5.000000
22403,5.000000
22404,6.000000
22405,5.000000
22406,6.000000
22407,2.000000
22408,7.000000
22409,3.000000
22410,1.000000
22411,3.000000
22412,5.000000
22413,7.000000
22414,2.000000
22415,4.000000
22416,6.000000
22417,4.000000
22418,3.000000
22419,6.000000
22420,4.000000
22421,6.000000
22422,6.000000
22423,4.000000
22424,7.000000
22425,4.000000
22426,4.000000
22427,4.000000
22428,1.000000
22429,2.000000
22430,4.000000
22431,6.000000
22432,5.000000
22433,6.000000
22434,0.000000
22435,4.000000
22436,5.000000
22437,3.000000
22438,6.000000
22439,6.000000
22440,4.000000
22441,4.000000
22442,4.000000
22443,4.000000
22444,4.000000
22445,7.000000
22446,4.000000
22447,4.000000
22448,4.000000
22449,4.000000
22450,6.000000
22451,5.000000
22452,5.000000
22453,5.000000
22454,8.000000
22455,6.000000
22456,5.000000
22457,5.000000
22458,5.000000
22459,5.000000
22460,6.000000
22461,7.000000
22462,3.000000
22463,5.000000
22464,6.000000
22465,3.000000
22466,2.000000
22467,3.000000
22468,6.000000
22469,3.000000
22470,8.000000
22471,4.000000
22472,3.000000
22473,2.000000
22474,4.000000
22475,4.000000
22476,5.000000
22477,5.000000
22478,8.000000
22479,5.000000
22480,7.000000
22481,6.000000
22482,6.000000
22483,6.000000
22484,4.000000
22485,5.000000
22486,6.000000
22487,3.000000
22488,4.000000
22489,5.000000
22490,6.000000
22491,0.000000
22492,3.000000
22493,1.000000
22494,5.000000
22495,7.000000
22496,5.000000
22497,2.000000
22498,4.000000
22499,4.000000
22500,4.000000
22501,6.000000
22502,5.000000
22503,5.000000
22504,6.000000
22505,3.000000
22506,7.000000
22507,3.000000
22508,7.000000
22509,6.000000
22510,6.000000
22511,4.000000
22512,6.000000
22513,5.000000
22514,0.000000
22515,3.000000
22516,3.000000
22517,1.000000
22518,4.000000
22519,5.000000
22520,4.000000
22521,2.000000
22522,5.000000
22523,5.000000
22524,3.000000
22525,6.000000
22526,4.000000
22527,2.000000
22528,2.000000
22529,4.000000
22530,0.000000
22531,3.000000
22532,0.000000
22533,3.000000
22534,5.000000
22535,1.000000
22536,6.000000
22537,6.000000
22538,7.000000
22539,0.000000
22540,4.000000
22541,7.000000
22542,3.000000
22543,4.000000
22544,3.000000
22545,3.000000
22546,2.000000
22547,4.000000
22548,4.000000
22549,8.000000
22550,3.000000
22551,6.000000
22552,4.000000
22553,5.000000
22554,7.000000
22555,1.000000
22556,5.000000
22557,3.000000
22558,0.000000
22559,3.000000
22560,3.000000
22561,5.000000
22562,2.000000
22563,2.000000
22564,5.000000
22565,4.000000
22566,5.000000
22567,5.000000
22568,6.000000
22569,2.000000
22570,6.000000
22571,5.000000
22572,6.000000
22573,6.000000
22574,3.000000
22575,3.000000
22576,5.000000
22577,1.000000
22578,3.000000
22579,4.000000
22580,6.000000
22581,1.000000
22582,1.000000
22583,3.000000
22584,3.000000
22585,2.000000
22586,6.000000
22587,5.000000
22588,4.000000
22589,7.000000
22590,6.000000
22591,2.000000
22592,7.000000
22593,4.000000
22594,1.000000
22595,7.000000
22596,5.000000
22597,3.000000
22598,1.000000
22599,5.000000
22600,5.000000
22601,3.000000
22602,4.000000
22603,8.000000
22604,6.000000
22605,4.000000
22606,4.000000
22607,2.000000
22608,5.000000
22609,7.000000
22610,3.000000
22611,5.000000
22612,6.000000
22613,5.000000
22614,8.000000
22615,7.000000
22616,3.000000
22617,4.000000
22618,5.000000
22619,4.000000
22620,3.000000
22621,1.000000
22622,8.000000
22623,7.000000
22624,2.000000
22625,2.000000
22626,0.000000
22627,1.000000
22628,6.000000
22629,5.000000
22630,3.000000
22631,1.000000
22632,5.000000
22633,3.000000
22634,3.000000
22635,5.000000
22636,7.000000
22637,3.000000
22638,3.000000
22639,7.000000
22640,1.000000
22641,2.000000
22642,5.000000
22643,4.000000
22644,5.000000
22645,2.000000
22646,5.000000
22647,3.000000
22648,6.000000
22649,4.000000
22650,5.000000
22651,6.000000
22652,3.000000
22653,5.000000
22654,4.000000
22655,5.000000
22656,3.000000
22657,1.000000
22658,3.000000
22659,7.000000
22660,3.000000
22661,0.000000
22662,3.000000
22663,5.000000
22664,4.000000
22665,5.000000
22666,5.000000
22667,4.000000
22668,6.000000
22669,5.000000
22670,5.000000
22671,1.000000
22672,3.000000
22673,1.000000
22674,6.000000
22675,4.000000
22676,4.000000
22677,3.000000
22678,6.000000
22679,4.000000
22680,1.000000
22681,4.000000
22682,2.000000
22683,0.000000
22684,5.000000
22685,4.000000
22686,3.000000
22687,5.000000
22688,5.000000
22689,4.000000
22690,6.000000
22691,6.000000
22692,1.000000
22693,6.000000
22694,1.000000
22695,5.000000
22696,3.000000
22697,3.000000
22698,3.000000
22699,2.000000
22700,5.000000
22701,6.000000
22702,1.000000
22703,5.000000
22704,4.000000
22705,6.000000
22706,6.000000
22707,3.000000
22708,6.000000
22709,2.000000
22710,3.000000
22711,0.000000
22712,4.000000
22713,6.000000
22714,3.000000
22715,2.000000
22716,2.000000
22717,6.000000
22718,8.000000
22719,7.000000
22720,3.000000
22721,3.000000
22722,3.000000
22723,8.000000
22724,7.000000
22725,1.000000
22726,4.000000
22727,2.000000
22728,6.000000
22729,4.000000
22730,1.000000
22731,8.000000
22732,4.000000
22733,6.000000
22734,5.000000
22735,5.000000
22736,6.000000
22737,5.000000
22738,4.000000
22739,6.000000
22740,4.000000
22741,2.000000
22742,4.000000
22743,5.000000
22744,6.000000
22745,5.000000
22746,6.000000
22747,2.000000
22748,3.000000
22749,5.000000
22750,6.000000
22751,3.000000
22752,0.000000
22753,0.000000
22754,7.000000
22755,4.000000
22756,6.000000
22757,7.000000
22758,5.000000
22759,5.000000
22760,2.000000
22761,2.000000
22762,3.000000
22763,7.000000
22764,4.000000
22765,1.000000
22766,5.000000
22767,0.000000
22768,5.000000
22769,5.000000
22770,5.000000
22771,3.000000
22772,5.000000
22773,6.000000
22774,6.000000
22775,2.000000
22776,6.000000
22777,7.000000
22778,7.000000
22779,5.000000
22780,5.000000
22781,3.000000
22782,2.000000
22783,4.000000
22784,6.000000
22785,3.000000
22786,3.000000
22787,6.000000
22788,6.000000
22789,5.000000
22790,5.000000
22791,6.000000
22792,4.000000
22793,8.000000
22794,3.000000
22795,2.000000
22796,6.000000
22797,2.000000
22798,4.000000
22799,4.000000
22800,5.000000
22801,3.000000
22802,4.000000
22803,6.000000
22804,5.000000
22805,3.000000
22806,4.000000
22807,6.000000
22808,9.000000
22809,4.000000
22810,5.000000
22811,3.000000
22812,4.000000
22813,6.000000
22814,2.000000
22815,6.000000
22816,4.000000
22817,6.000000
22818,2.000000
22819,5.000000
22820,2.000000
22821,4.000000
22822,5.000000
22823,3.000000
22824,2.000000
22825,3.000000
22826,3.000000
22827,7.000000
22828,4.000000
22829,6.000000
22830,5.000000
22831,6.000000
22832,6.000000
22833,2.000000
22834,2.000000
22835,3.000000
22836,3.000000
22837,7.000000
22838,6.000000
22839,5.000000
22840,4.000000
22841,5.000000
22842,1.000000
22843,4.000000
22844,5.000000
22845,3.000000
22846,8.000000
22847,4.000000
22848,4.000000
22849,5.000000
22850,2.000000
22851,5.000000
22852,4.000000
22853,4.000000
22854,5.000000
22855,1.000000
22856,2.000000
22857,2.000000
22858,3.000000
22859,6.000000
22860,2.000000
22861,1.000000
22862,4.000000
22863,6.000000
22864,6.000000
22865,6.000000
22866,2.000000
22867,2.000000
22868,6.000000
22869,7.000000
22870,3.000000
22871,5.000000
22872,8.000000
22873,3.000000
22874,2.000000
22875,4.000000
22876,4.000000
22877,3.000000
22878,8.000000
22879,7.000000
22880,6.000000
22881,6.000000
22882,4.000000
22883,0.000000
22884,6.000000
22885,0.000000
22886,4.000000
22887,0.000000
22888,3.000000
22889,2.000000
22890,8.000000
22891,5.000000
22892,6.000000
22893,1.000000
22894,5.000000
22895,4.000000
22896,5.000000
22897,2.000000
22898,4.000000
22899,3.000000
22900,4.000000
22901,3.000000
22902,3.000000
22903,4.000000
22904,6.000000
22905,3.000000
22906,2.000000
22907,2.000000
22908,2.000000
22909,4.000000
22910,4.000000
22911,4.000000
22912,5.000000
22913,5.000000
22914,4.000000
22915,7.000000
22916,5.000000
22917,4.000000
22918,3.000000
22919,5.000000
22920,3.000000
22921,5.000000
22922,1.000000
22923,4.000000
22924,1.000000
22925,4.000000
22926,6.000000
22927,2.000000
22928,4.000000
22929,5.000000
22930,4.000000
22931,5.000000
22932,6.000000
22933,3.000000
22934,3.000000
22935,3.000000
22936,7.000000
22937,2.000000
22938,8.000000
22939,2.000000
22940,3.000000
22941,4.000000
22942,5.000000
22943,6.000000
22944,7.000000
22945,2.000000
22946,4.000000
22947,4.000000
22948,3.000000
22949,2.000000
22950,5.000000
22951,5.000000
22952,4.000000
22953,4.000000
22954,4.000000
22955,3.000000
22956,3.000000
22957,2.000000
22958,0.000000
22959,3.000000
22960,3.000000
22961,6.000000
22962,5.000000
22963,6.000000
22964,3.000000
22965,6.000000
22966,4.000000
22967,4.000000
22968,5.000000
22969,3.000000
22970,6.000000
22971,3.000000
22972,4.000000
22973,7.000000
22974,4.000000
22975,4.000000
22976,3.000000
22977,1.000000
22978,6.000000
22979,4.000000
22980,3.000000
22981,2.000000
22982,6.000000
22983,4.000000
22984,5.000000
22985,7.000000
22986,5.000000
22987,3.000000
22988,5.000000
22989,7.000000
22990,6.000000
22991,4.000000
22992,4.000000
22993,0.000000
22994,2.000000
22995,6.000000
22996,8.000000
22997,4.000000
22998,7.000000
22999,5.000000
23000,4.000000
23001,4.000000
23002,5.000000
23003,6.000000
23004,6.000000
23005,2.000000
23006,3.000000
23007,3.000000
23008,2.000000
23009,4.000000
23010,2.000000
23011,5.000000
23012,5.000000
23013,5.000000
23014,6.000000
23015,6.000000
23016,3.000000
23017,1.000000
23018,5.000000
23019,3.000000
23020,5.000000
23021,2.000000
23022,6.000000
23023,6.000000
23024,3.000000
23025,8.000000
23026,5.000000
23027,2.000000
23028,3.000000
23029,6.000000
23030,6.000000
23031,2.000000
23032,5.000000
23033,1.000000
23034,5.000000
23035,3.000000
23036,3.000000
23037,2.000000
23038,7.000000
23039,7.000000
23040,7.000000
23041,6.000000
23042,7.000000
23043,5.000000
23044,4.000000
23045,5.000000
23046,5.000000
23047,7.000000
23048,2.000000
23049,5.000000
23050,7.000000
23051,4.000000
23052,4.000000
23053,1.000000
23054,4.000000
23055,3.000000
23056,5.000000
23057,7.000000
23058,7.000000
23059,6.000000
23060,3.000000
23061,6.000000
23062,4.000000
23063,6.000000
23064,6.000000
23065,3.000000
23066,6.000000
23067,4.000000
23068,4.000000
23069,3.000000
23070,6.000000
23071,4.000000
23072,6.000000
23073,5.000000
23074,4.000000
23075,7.000000
23076,0.000000
23077,1.000000
23078,6.000000
23079,3.000000
23080,5.000000
23081,4.000000
23082,5.000000
23083,2.000000
23084,3.000000
23085,5.000000
23086,1.000000
23087,4.000000
23088,6.000000
23089,3.000000
23090,2.000000
23091,5.000000
23092,5.000000
23093,6.000000
23094,0.000000
23095,4.000000
23096,6.000000
23097,7.000000
23098,3.000000
23099,5.000000
23100,4.000000
23101,5.000000
23102,6.000000
23103,4.000000
23104,4.000000
23105,2.000000
23106,4.000000
23107,6.000000
23108,4.000000
23109,5.000000
23110,3.000000
23111,5.000000
23112,5.000000
23113,4.000000
23114,3.000000
23115,7.000000
23116,1.000000
23117,6.000000
23118,3.000000
23119,7.000000
23120,3.000000
23121,7.000000
23122,6.000000
23123,3.000000
23124,5.000000
23125,3.000000
23126,4.000000
23127,8.000000
23128,4.000000
23129,1.000000
23130,0.000000
23131,3.000000
23132,3.000000
23133,3.000000
23134,5.000000
23135,4.000000
23136,0.000000
23137,5.000000
23138,7.000000
23139,4.000000
23140,4.000000
23141,4.000000
23142,5.000000
23143,1.000000
23144,4.000000
23145,5.000000
23146,1.000000
23147,5.000000
23148,6.000000
23149,3.000000
23150,4.000000
23151,6.000000
23152,5.000000
23153,5.000000
23154,2.000000
23155,5.000000
23156,3.000000
23157,5.000000
23158,3.000000
23159,4.000000
23160,6.000000
23161,6.000000
23162,5.000000
23163,5.000000
23164,2.000000
23165,4.000000
23166,4.000000
23167,5.000000
23168,5.000000
23169,1.000000
23170,3.000000
23171,7.000000
23172,3.000000
23173,7.000000
23174,7.000000
23175,6.000000
23176,3.000000
23177,5.000000
23178,4.000000
23179,5.000000
23180,4.000000
23181,6.000000
23182,2.000000
23183,4.000000
23184,1.000000
23185,6.000000
23186,4.000000
23187,5.000000
23188,3.000000
23189,6.000000
23190,1.000000
23191,2.000000
23192,2.000000
23193,1.000000
23194,3.000000
23195,9.000000
23196,4.000000
23197,1.000000
23198,5.000000
23199,5.000000
23200,2.000000
23201,4.000000
23202,5.000000
23203,7.000000
23204,7.000000
23205,9.000000
23206,6.000000
23207,3.000000
23208,5.000000
23209,2.000000
23210,2.000000
23211,4.000000
23212,5.000000
23213,5.000000
23214,4.000000
23215,1.000000
23216,6.000000
23217,6.000000
23218,5.000000
23219,6.000000
23220,4.000000
23221,3.000000
23222,7.000000
23223,2.000000
23224,8.000000
23225,3.000000
23226,8.000000
23227,7.000000
23228,0.000000
23229,4.000000
23230,3.000000
23231,7.000000
23232,1.000000
23233,5.000000
23234,5.000000
23235,3.000000
23236,2.000000
23237,6.000000
23238,2.000000
23239,6.000000
23240,7.000000
23241,5.000000
23242,6.000000
23243,3.000000
23244,3.000000
23245,6.000000
23246,6.000000
23247,5.000000
23248,2.000000
23249,4.000000
23250,3.000000
23251,4.000000
23252,0.000000
23253,4.000000
23254,4.000000
23255,6.000000
23256,5.000000
23257,5.000000
23258,5.000000
23259,4.000000
23260,3.000000
23261,4.000000
23262,4.000000
23263,5.000000
23264,4.000000
23265,2.000000
23266,6.000000
23267,5.000000
23268,7.000000
23269,4.000000
23270,3.000000
23271,5.000000
23272,5.000000
23273,2.000000
23274,3.000000
23275,4.000000
23276,2.000000
23277,3.000000
23278,4.000000
23279,4.000000
23280,2.000000
23281,6.000000
23282,5.000000
23283,7.000000
23284,4.000000
23285,6.000000
23286,3.000000
23287,3.000000
23288,3.000000
23289,6.000000
23290,6.000000
23291,4.000000
23292,3.000000
23293,2.000000
23294,5.000000
23295,4.000000
23296,3.000000
23297,3.000000
23298,7.000000
23299,6.000000
23300,5.000000
23301,3.000000
23302,1.000000
23303,5.000000
23304,3.000000
23305,3.000000
23306,4.000000
23307,1.000000
23308,6.000000
23309,6.000000
23310,6.000000
23311,5.000000
23312,5.000000
23313,3.000000
23314,3.000000
23315,7.000000
23316,1.000000
23317,3.000000
23318,2.000000
23319,3.000000
23320,2.000000
23321,6.000000
23322,7.000000
23323,6.000000
23324,2.000000
23325,3.000000
23326,2.000000
23327,4.000000
23328,5.000000
23329,7.000000
23330,0.000000
23331,7.000000
23332,5.000000
23333,6.000000
23334,6.000000
23335,5.000000
23336,4.000000
23337,5.000000
23338,5.000000
23339,6.000000
23340,2.000000
23341,5.000000
23342,3.000000
23343,6.000000
23344,5.000000
23345,5.000000
23346,3.000000
23347,4.000000
23348,3.000000
23349,6.000000
23350,6.000000
23351,2.000000
23352,3.000000
23353,4.000000
23354,5.000000
23355,6.000000
23356,8.000000
23357,0.000000
23358,6.000000
23359,4.000000
23360,3.000000
23361,5.000000
23362,1.000000
23363,3.000000
23364,3.000000
23365,2.000000
23366,4.000000
23367,5.000000
23368,6.000000
23369,2.000000
23370,5.000000
23371,5.000000
23372,3.000000
23373,5.000000
23374,4.000000
23375,4.000000
23376,6.000000
23377,5.000000
23378,3.000000
23379,3.000000
23380,6.000000
23381,5.000000
23382,6.000000
23383,3.000000
23384,2.000000
23385,3.000000
23386,3.000000
23387,6.000000
23388,3.000000
23389,4.000000
23390,2.000000
23391,7.000000
23392,4.000000
23393,4.000000
23394,5.000000
23395,1.000000
23396,8.000000
23397,7.000000
23398,6.000000
23399,3.000000
23400,3.000000
23401,7.000000
23402,0.000000
23403,3.000000
23404,6.000000
23405,9.000000
23406,2.000000
23407,3.000000
23408,3.000000
23409,6.000000
23410,4.000000
23411,6.000000
23412,6.000000
23413,6.000000
23414,5.000000
23415,5.000000
23416,4.000000
23417,5.000000
23418,4.000000
23419,1.000000
23420,1.000000
23421,3.000000
23422,4.000000
23423,3.000000
23424,5.000000
23425,5.000000
23426,7.000000
23427,4.000000
23428,4.000000
23429,2.000000
23430,3.000000
23431,5.000000
23432,2.000000
23433,3.000000
23434,8.000000
23435,5.000000
23436,4.000000
23437,4.000000
23438,5.000000
23439,1.000000
23440,6.000000
23441,4.000000
23442,3.000000
23443,4.000000
23444,3.000000
23445,5.000000
23446,6.000000
23447,4.000000
23448,4.000000
23449,7.000000
23450,3.000000
23451,4.000000
23452,4.000000
23453,6.000000
23454,4.000000
23455,1.000000
23456,7.000000
23457,2.000000
23458,6.000000
23459,5.000000
23460,4.000000
23461,6.000000
23462,7.000000
23463,5.000000
23464,5.000000
23465,5.000000
23466,6.000000
23467,3.000000
23468,0.000000
23469,5.000000
23470,6.000000
23471,6.000000
23472,2.000000
23473,4.000000
23474,5.000000
23475,3.000000
23476,4.000000
23477,2.000000
23478,1.000000
23479,6.000000
23480,2.000000
23481,6.000000
23482,3.000000
23483,4.000000
23484,6.000000
